product_name,label
BEEF CURRYRICE,FOOD
RB. AI-AI CHOCO,FOOD
NASI LIWET,FOOD
BAKWAN JAGUNG,FOOD
Ice Orange,DRINK
RENDANG OMURICE,FOOD
Lasagna,FOOD
Astor Stick Cokelat 40gr,FOOD
MARBLED SIRLOIN STEAK 200gr,FOOD
HAI CMP SPC,FOOD
MDSE ST,OTHER
Polo 1,OTHER
MARMER CAKE PTG,FOOD
MS SWISS ML MED,FOOD
1025-Roti Sosis Sapi,FOOD
OYONG 3 TELOR =*MEDIUM*=,FOOD
ROTI MAHKOTA/RING,FOOD
RE5 M LW,OTHER
AMBUSH CHS BUR,FOOD
Gypsy Gelato Ice Tea,DRINK
Lapchiong,FOOD
GARPU MAKAN,OTHER
Tahu Isi,FOOD
1019-Choco Banana,FOOD
Mie Trsi Kgkung,FOOD
KWETIAW SIRAM SEA,FOOD
Ayam goreng+Sayur asem,FOOD
A13.MIE ACP,FOOD
RTD Lemongrass Aloe,DRINK
Mozarella Hot Dog,FOOD
JYO HARAMI 30%,FOOD
Nasi Liwet,FOOD
Ice Tea Rasp,DRINK
Iced Tea,DRINK
MOKDENGSIM,FOOD
Fruit Compliment,FOOD
SB 1 HC,OTHER
PIS COK KEJU,FOOD
UP Orange 16,DRINK
"Bakery Aneka Sisir Banana,Pizza,yoko,Mar mer,Daging,abon,keju,cokelat,dll",FOOD
SPOOKY SOBORO,FOOD
TOBIKO TOFU,FOOD
RTD Kunyit,DRINK
GRILLED SALMON TERIYAK,FOOD
CH CORDON BLEU NASI,FOOD
RED BEAN BRAIDED BREAD,FOOD
KITSUNE UDON (KIDS),FOOD
TORI NASU HASAMI AGE,FOOD
PLASTIC BAG,OTHER
SUP JGG KPT,FOOD
AQUA,DRINK
Paddle Pop Choco Magma,FOOD
Jamur Crispy,FOOD
DN. LONG JOHN,FOOD
PUDING,FOOD
[MD] SOFT STEAMED CHOCOCAKE,FOOD
KING DEAL CHEESE BG,FOOD
Bogo (5) Boneless,FOOD
Sambal Kecil,FOOD
1032-Double Cheddar,FOOD
OCHA COLD,DRINK
=*MEDIUM*=,OTHER
PHILLY CHEESESTEAK SL,FOOD
beef C roll 3pcs,FOOD
Strawberry jc,DRINK
Cappucino,DRINK
Kailan 2 Rasa,FOOD
BOKKEPOOTJES,FOOD
CHOCOLATE SUNDAE,FOOD
SC/P SUPER SUPREME,FOOD
BLACKPINK,DRINK
CT12.BLK JELY KPI IC,DRINK
KWE GR CMP,FOOD
101.NS BEBEK KAMPUNG,FOOD
WHDP JR 15K,FOOD
BANANA KISMIS,FOOD
RB. COKLAT BUN,FOOD
ES BATU,DRINK
-Plastic Big Small,OTHER
SAM DA S00 MINERAL WATER,DRINK
Dendeng PDS,FOOD
GULAI HATI,FOOD
JAJANGMYEON,FOOD
Siomay Kmbinasi,FOOD
XXI Java Tea Spc,DRINK
1 PC CHOCHICKS,FOOD
YAMIN PANGSIT REBUS,FOOD
HAZELNUT,FOOD
SB 1 OR,OTHER
Green Tea cold,DRINK
I ROA GORENG SPC,FOOD
caisim special,FOOD
JAPANEESE GR TEA HOT,DRINK
Mie Sup WT (U & A),FOOD
1037-ROTI MAHKOTA/RING,FOOD
Zurich Geschnitzel,FOOD
CRYSANTNUM,DRINK
WHITE RICE,FOOD
Croque Mme.,FOOD
50% CHICKEN ROYAL,FOOD
Tahu Woku,FOOD
GREEN ITSODA PITCHER,DRINK
PLASTIK TENTENG KECIL,OTHER
1006-Roti Molen,FOOD
BUGIS,FOOD
RICHOCO WFR CH P1,FOOD
ROTI UNYIL,FOOD
AQUA AIR MINERAL 600,DRINK
DONATCOKLAT,FOOD
ROBA - SPICY KAWA SKEWER KULIT,FOOD
SURIMI,FOOD
Es Batu,DRINK
Nasi,FOOD
Tempe,FOOD
Sabun Transparant Madu,OTHER
SUSHI SALMON FRESH PAKET,FOOD
MIE + AYAM KATSU TERI...,FOOD
TP KULIT,FOOD
Crispy Egg Corn,FOOD
1009-ROTI KELAPA,FOOD
MITU S/C BLUE,OTHER
NASI CAH JAMUR,FOOD
CHOCO CUSTARD PASTRY,FOOD
OPEN DESSERT,FOOD
INARI,FOOD
1009-Honey Pistachio,FOOD
Lemon Tea (L),DRINK
KUE CUBIT OVO/ SKIPPY,FOOD
Iced Sugar Cane,DRINK
LIMAU KASTURI,DRINK
PEPPERONI,FOOD
LUMPIA UDG PREM,FOOD
GERRY SM CHEESE110,FOOD
TRIPPLE CHEESE,FOOD
TEH PUCUK,DRINK
Silky Hazelnut,DRINK
IFUMIE,FOOD
kaya bred,FOOD
S-Ovaltine Macchiat,DRINK
RB. COKLAT COFFEE,FOOD
7 UP CAN 330 ML,DRINK
ICED CAPPUCINO JELLY,DRINK
CLASSIC CREAMCEESE CINNAM,FOOD
XLB Org Pork 6x,FOOD
CHOCO CUS ARD PASTRY,FOOD
CHEESE GAMJAJEON,FOOD
KING DEAL FISH,FOOD
Sio May Kpting,FOOD
TAHU,FOOD
GANACHE MOUSSE PIECE,FOOD
SENDOK MAKAN,OTHER
GREEN BEAN KAKIAGE,FOOD
KOROKE ORI,FOOD
EL KEUN HWANGTAE SUNDUBU (TUKBEGI),FOOD
AMBUSH DBL CHS,FOOD
Chili Pepper Croquette,FOOD
Benedict Burrito,FOOD
Lamien Aym Ktsu,FOOD
Nasi (MLY),FOOD
N Aym Hainam Jl,FOOD
CHAM KKOT SAL,FOOD
ORIGINAL,OTHER
SPICY C CHEESE,FOOD
PILLOW DURIAN,FOOD
Popcorn Salt (S).,FOOD
OCHA,DRINK
ROTI KEJU COKLAT,FOOD
FlyDark 0.3,DRINK
[MD] SOFT STEAMED CHOCOCA,FOOD
ALMOND CREAM CHEESE,FOOD
Jeruk Panas,DRINK
Ocha Hot,DRINK
XLB Kptg&Aym(4),FOOD
DODOT KAKEK,DRINK
DOUBLE CHEESE PAN BREAD(L,FOOD
APPLE CINN,FOOD
(TA) NASI GRG TERI MEDAN,FOOD
Peach Iced Tea,DRINK
Kerupuk Kuah,FOOD
Nerds Watermelon,FOOD
EBI KTSU 1 PCS,FOOD
BOLU KUKUS PX,FOOD
Udang Telur Asin - Regular,FOOD
SOP AYM BNG,FOOD
CRANBERRY WALNUT (S),FOOD
CINNAMON SUGAR,FOOD
CREAMY MARINARA SALMON,FOOD
MIKA KCL,OTHER
REDBEAN BRE/D,FOOD
RB. CREPES TUNA,FOOD
CAPTAIN HOOK,FOOD
MULNAENGMYON,FOOD
ES NONA REGULAR,DRINK
PEACH PASTRY,FOOD
BAJU ATASAN(PETITE MIMI ROMPER 3D FOREST / RM0003),OTHER
KONGKEE TOFU JEPUN,FOOD
KAPAS (KAPAS MEDISOFT COTTON BALL 120),OTHER
AREM - AREM,FOOD
LM Pork Belly,FOOD
Pork Belly Cheese Fries,FOOD
Mango Lemon Tea,DRINK
BANANA RHUM RAISIN,FOOD
Lapolong,FOOD
YAMIN BASO SAPI,FOOD
Kupon 9,OTHER
TEH MANIS,DRINK
RB. CREPES CHICKEN,FOOD
KAKE UDON,FOOD
BEEF CROQUETTE,FOOD
BANANA SPLIT,FOOD
ONION RINGS,FOOD
Bakmi Ayam,FOOD
GOCHUJANG,FOOD
SHISAMO MENTAIKO,FOOD
MANDARIN CAKE PTG,FOOD
JUICE ALPUKAT,DRINK
TAHU BAKSO Grg Ayam VC [biji,FOOD
WALL'S FEAST CKLT.65,FOOD
RB. SISIR PANDAN,FOOD
MIE GORENG SPECIAL,FOOD
TWIST DONUT,FOOD
B Pjg/Vr 3,OTHER
Nasi Goreng Ayam,FOOD
SOTO MEDAN+NASI,FOOD
CK.MANTAP A,FOOD
CHOCO ALMOND,FOOD
THAI ICED COFFEE,DRINK
T. TARIK GREENTEA DINGIN,DRINK
ON TAMA UDON (HOT),FOOD
Carsiupau Ayam,FOOD
+PALM SHW GEL 450,OTHER
Lidah Asap Sambal Lu'at ( R ),FOOD
ICED NUTELLA LATTE [R],DRINK
Pangsit Delima,FOOD
NS+AYAM GR RICA,FOOD
SPICY TEMPURA,FOOD
KrpBangka/Bawang,FOOD
Rice Organik,FOOD
SUNDUBU,FOOD
SOSIS SOLO,FOOD
JERUK MURNI,DRINK
FRENCH FRIES,FOOD
DADAR PISANG,FOOD
Sabun Propolis,OTHER
Mineral Water - DINE IN,DRINK
Crunchy Wings(5) Luisiana,FOOD
GADO-GADO,FOOD
Chicken Kazan Curry,FOOD
Extra Jelly Lychee.,FOOD
Iced Coffee,DRINK
Salmon Seaweed Bowl,FOOD
Hot Chocolate Marshmallo,DRINK
Chicken Popcorn,FOOD
GARISH PC,OTHER
LAY'S NORI SEAWD 55G,FOOD
Bola Ubi Mini Original (14 Pcs ),FOOD
Teh Tawar Hangat,DRINK
<FC Winger HC,FOOD
NASI GOR SFD TLR,FOOD
Pastel,FOOD
Cheezemania,FOOD
CUP 14 OZ,OTHER
Sambal Besar,FOOD
TALKING ACTIVITY BK,OTHER
RB. RED BEAN,FOOD
Tahu Bacem,FOOD
Nila Penyet + Nasi,FOOD
Caramel Medium,DRINK
SEMAR MENDEM,FOOD
CREAMCHEESE WALNUT BREAD,FOOD
=*LARGE*==,OTHER
ICED TT,DRINK
MIX 4FUN CHOCOLATE,FOOD
Bintang L,DRINK
CLS CHK CHIL,FOOD
DELFI C/CHA MINIS,FOOD
Mie Gr Udg Gala,FOOD
TWIST STRAWBERRY DONUT,FOOD
KAYA BUN,FOOD
SHARKIE FREEZE,DRINK
Liang Teh,DRINK
R.TAWAR ISI 2,FOOD
Popcorn Sweet (S),FOOD
F.FRIES MEDIUM,FOOD
FORMULA S/P P,OTHER
Choco Bun,FOOD
Lumpia Udg K Th,FOOD
JUICE STRAWBERRY,DRINK
J.STB PROMO,DRINK
steamed rice,FOOD
ROTI KACANG MERAH,FOOD
KaraageCurryTeishoku,FOOD
NU GREENTEA ORGE,DRINK
ORANGE JUICE,DRINK
TALAM UNGU,FOOD
Bakmi Ayam Spc Ng,FOOD
BCA PROMO,OTHER
TERONG BEJEUG,FOOD
Almond Croissant,FOOD
cashew nuts chkn,FOOD
CARAMEL PASTRY,FOOD
NUMER CANDLE NO.1,OTHER
STIX ECLAIRS,FOOD
Sop Gurame,FOOD
Sate Babi Cabe Ijo,FOOD
KAKIAGE TEMPURA,FOOD
Sapo Tohu Sea M,FOOD
UDG GR MAYONAISE,FOOD
Chocolate Twist,FOOD
CKM 1 OR,FOOD
PISANG KEJU,FOOD
ROTI,FOOD
Tuna N Chicken Floos Bread,FOOD
Choco Bite,FOOD
Lurisia stille 330ml,DRINK
DYNAMITE SCALLOP,FOOD
Teh Tubruk Jahe,DRINK
Sundae,FOOD
Ayam Bakar,FOOD
Banana Milkshake,DRINK
BIR BINTANG BOTOL ( ),DRINK
TEH JAWA,DRINK
Sorbet,FOOD
AVOCADO COFFEE,DRINK
POCAI 3,FOOD
AOP Seafood,FOOD
WHITE CHOCO BANANA SPREAD,FOOD
DAK GANG JEONG,FOOD
Go Hiong,FOOD
ACCESORIES(SUN BABES PENUTUP MATA),OTHER
F.Wngr GES-HC,FOOD
Nasi Campur ala Bali,FOOD
1517-ROTI KENTANG KEJU MANIS,FOOD
Thai Tea - ICE,DRINK
ABURA SOBA CHK,FOOD
CHICKEN KATSU,FOOD
Teh Manis,DRINK
Bihun (MLY),FOOD
MAGNUM WHT ALMND 80,FOOD
IVINERAL WATER (bundling) 5k,DRINK
GARPU,OTHER
Kroket,FOOD
1245-Plastik Tentengan Kecil,OTHER
MED ICED LEMON TEA,DRINK
1028-Dark Choco Creamcheese,FOOD
Chamomile,DRINK
AIR MINERAL,DRINK
GURAME FILLET M ASAM MANIS,FOOD
3001-Sakura Mochi,FOOD
Choco Lining Bread,FOOD
Cheese Burger,FOOD
Tairyos Salmon Maki,FOOD
JASMINE,DRINK
TLJ CROQUETTE,FOOD
SWEEAT ICE TEA,DRINK
JUICE JAMBU,DRINK
PARU,FOOD
VALINO DONNA,OTHER
PAKET DOSIRAK 3,FOOD
1pc Chicken OR,FOOD
CHOCO CUSTAF D PASTRY,FOOD
BUDS PRECIOUS NEWBORN CREAM 75ML(TOILETRIES),OTHER
Herbal Jelly,FOOD
1013-ROTI NANAS,FOOD
Kwt Polos Mdn,FOOD
4002-Chocolate Orange Peel,FOOD
BIHUN GORENG JJ,FOOD
WARISAN 2 FREE DRINK,DRINK
WALL'S BABY SHARK 60,FOOD
Colonel Burger,FOOD
CHOCOLATE SOBORO,FOOD
Combo 4,FOOD
AMBUSH DBL CHS BURG,FOOD
MIE SIRAM AYAM,FOOD
TOMAT CURAH,FOOD
GOCUJANG H.200G,FOOD
PEARL CHOCO TEA,DRINK
2001-Hokkaido Milk Toast,FOOD
SALMON BACON,FOOD
Perkedel,FOOD
PLASTIK SDG,OTHER
PAKET BULGOGI 3,FOOD
Iced Cappuccino,DRINK
P J Cotes du,DRINK
(TA) NASI GORENG,FOOD
DAUN SEREH,FOOD
Onde-Onde,FOOD
Ayam Suir Bali,FOOD
Chocochip & Walnut,FOOD
Choco Melt,FOOD
Brokoli Bwg Putih,FOOD
Mineral Water,DRINK
DL+GA+FF+R+2RB,FOOD
SUSHI SALMON,FOOD
GRAINS PAN BREAD,FOOD
Kupon 1,OTHER
Nasi Cap Cay Porsi B esar,FOOD
Lemon,FOOD
KWE BUN SAPI,FOOD
SM Udang & Aym (4),FOOD
LUMPIA UDG PREM =*MEDIUM*=,FOOD
Hot Tea,DRINK
Ayam Grg Kalasan,FOOD
KOPI SUSU,DRINK
JERUK NIPIS,DRINK
NASI GORENG SPECIAL,FOOD
COPIA 1 /GB,OTHER
BLACK PAPPER MEATBALL PAS,FOOD
Nasi Goreng Gila,FOOD
Teh Tawar Dingin,DRINK
LUMPIA,FOOD
PAKET BER2 UP1,FOOD
YIFUMI,FOOD
S-Hazelnut Milk Tea,DRINK
CHUM CHURUM PEACH,DRINK
CUMI GR TEPUNG,FOOD
Oolong Jasmine Cup,DRINK
SALTED EGG FISH & CHIPS,FOOD
APPLE PIE,FOOD
Viet Milk Coffee,DRINK
Ayam Sambal Hija,FOOD
MUF CHOC CHP,FOOD
BITTERBALLEN,FOOD
PAKET CHICKEN 3,FOOD
NOUGAT ICE CREAM,FOOD
ZAI.Milk Choco Egg Frozen 60gr,FOOD
BIHUN GORENG SPECIAL,FOOD
TakeQuay Charge,OTHER
TAHU SATUAN,FOOD
TORI BAITAN UDON,FOOD
NEW BEEF LASAGNA,FOOD
EBI TEMPURA,FOOD
KERUPUK KERING,FOOD
CF BUNCIS ORG,FOOD
AYM RBS 1 EKOR,FOOD
TUNA & CHEDDAR,FOOD
SBL GR TERI,FOOD
Teh Es,DRINK
RedVelvet Cheese Slc,FOOD
Tahu Jepang,FOOD
BUBUR UNGU,FOOD
"Oriental ""Ketjap"" Pork Rice",FOOD
Common Law,OTHER
NASI GORENG SPC,FOOD
ROTI COKLAT,FOOD
Soto Betawi,FOOD
CUSTARD BRIC CHE,FOOD
BLACK PRAWN PASTA,FOOD
Gojek Chicken Soy Sauce F,FOOD
Salad Deluxe,FOOD
LEMONADE,DRINK
Organic Green Sa,FOOD
AGSIO TH PC JMR =*MEDIUM*=,FOOD
French Fries - DINE IN,FOOD
Pangsit Special,FOOD
NASI MERAH/PUTIH,FOOD
Wagyu Rice Box,FOOD
ZUPPA SOUP,FOOD
French Fries + FF,FOOD
6002-Plastic Bag Medium,OTHER
Pecel Komplit + Nasi,FOOD
MACARONI GR,FOOD
CHEESE BUN,FOOD
1 BIC ALA CARTE,FOOD
Tea,DRINK
Chum Churum,DRINK
SATE PADANG,FOOD
Serbu 1,OTHER
CIPAIN PATCH 4S,OTHER
TEH HANGAT,DRINK
UP Drink 16,DRINK
CHOC BANANA,FOOD
Hot Black Cofee,DRINK
TAKE AWAY CHARGE,OTHER
KOREAN COLD TEA,DRINK
SUNDUBU(TUKBEGI) GYERAN CIM,FOOD
CLASSIC TOMATO,FOOD
PAKET WEEKEND 1,FOOD
CUSTARD BRIOCHE,FOOD
CHARGE TA,OTHER
Silky Green Tea,DRINK
MPEKMPEK K SELAM,FOOD
REAL MILK CHOCO BREAD,FOOD
ICE BLACKCOFFE,DRINK
SHISHA,OTHER
SUL LUNG TANG,FOOD
MINERALWATER,DRINK
Soup Of The Day,FOOD
Ikan Bawal Besa,FOOD
Cheese Croquette,FOOD
6001-Plastic Bag Small,OTHER
Teh Pucuk 350 ml,DRINK
A.MINERAL BOTOL,DRINK
POTATO SAUSAGE BREAD,FOOD
Krupuk Babi Bungkus,FOOD
BBQ Chicken,FOOD
Tepung Jagung,FOOD
LIPTON ICE TEA REGULA,DRINK
[MD] SOFT STEAMED CHEESEC,FOOD
BAKPIA KACANG H,FOOD
NESTLE 330 ML,DRINK
Butter croissant,FOOD
DENDENG BALADO,FOOD
Mango Float,DRINK
Tigger Roll,FOOD
Bakmie Pst/ Bakso,FOOD
Iced Coffee Latte,DRINK
PAKET WEEKEND 2,FOOD
DONAT AYAM,FOOD
SOSRO TEH BOTOL 350,DRINK
-Chokoreto Cookies,FOOD
Berry Many-Low (P),DRINK
BUDS PRECIOUS NEWBORN HEAD TO TOE CLEANSER 250ML(TOILETRIES),OTHER
EGG TEMPURA,FOOD
Jus Jeruk,DRINK
Rice,FOOD
[MD] MINI CASTELLA CHOCOL,FOOD
NUTTELA BROWNIES,FOOD
GRAPE JELLY,FOOD
Omurice Katsu Curry,FOOD
SMOKY PAN CLASSIC,FOOD
Grilled Dorry Fish,FOOD
CREAM TEOK PO KI,FOOD
NASI(GONGGI BAB),FOOD
PILLOW DURIA,FOOD
Angus Striploin,FOOD
Yakiniku Rice Organic,FOOD
STRAWBERRY,FOOD
Mineral Water (S),DRINK
BIHUN CAMPUR,FOOD
MILK CREAM BREAD,FOOD
NS MINI STICK,FOOD
Ayam Penyet Sambal Glede,FOOD
Grande,OTHER
BL1 M LW,OTHER
Dumpling,FOOD
Teh Kotak,DRINK
Pink Panther (P),DRINK
Hotplate Tahu,FOOD
4032-Mini Glazed Croissant (isi 5 pcs),FOOD
Earl Gray Tea,DRINK
NS BISTIK AYM TP,FOOD
LAPIS SINGAPUR,FOOD
PAKET BER4,FOOD
ORIGINAL BREWED TEA,DRINK
Lov Triangle,FOOD
NB AYAM,FOOD
AYAM PANGGANG,FOOD
KWT GR MGMSP,FOOD
<AYA BUN,FOOD
Fu Yung Hai,FOOD
5003-Chokoreto Cookies,FOOD
Populaire Chocolate,FOOD
SAYUR,FOOD
Thai Coffee ICE,DRINK
Se'I Sapi Sambal Matah ( R ),FOOD
H N Cheesy Chic,FOOD
Ns Pgng Kj Sp,FOOD
Es Kopi Susu Pandan,DRINK
Kwo Tie Jala2,FOOD
CHICKEN KATSU CURRY RICE,FOOD
DarkBeer0.5L,DRINK
SAUCE SHOYU SUSHI YAMASA HALAL,FOOD
GULAI OTAK,FOOD
OGYOPSAL,FOOD
SIOMAY,FOOD
JPR SUS U,FOOD
EL KEUN HWANGTAE,FOOD
DEPT01,OTHER
DOUBLE CHICK BREAST,FOOD
GREEN MONSIEUR,FOOD
Lychee Tea,DRINK
"Chicken HCC, 1Pcs",FOOD
CHEESE KC BOKUMBAP,FOOD
TWIST ORANGE CHOCO DONUT,FOOD
ES TEH/TAWAR,DRINK
Mineral Water (S).,DRINK
SURIMI - SATSUMA AGE VEGETABLE,FOOD
LS TOILETBRUSH102,OTHER
IKAN GURAME REG,FOOD
SUNKIST,DRINK
POCAI BWG PUTIH =*MEDIUM*=,FOOD
ICED White,DRINK
1057-French Bread Puding,FOOD
IKAN BUMBU KUNING,FOOD
1017-Roti Pisang Keju,FOOD
Nasi Putih GG,FOOD
TOM YAM,FOOD
Lumpia Klt Tahu (3),FOOD
RISOL ROGUT,FOOD
Sweet Tea,DRINK
Bakmi Ultah,FOOD
Cheese Tea Hokkaido Melon,DRINK
Caisim Kecil,FOOD
SAUSAGE BREAD,FOOD
-,OTHER
BROWNIE,FOOD
CUMI GR JUNJAN,FOOD
AYAM GORENG,FOOD
ELEPHANT READ BEAN,FOOD
TLJ HOTDOG,FOOD
MPEKMPEK LENJER,FOOD
APPLE CINNAMON PASTRY,FOOD
FF SoftDrink (M),DRINK
Cuci,OTHER
NICE TRAVEL PACK,OTHER
Ikan Gurame Tahu M,FOOD
Steam Rice,FOOD
Ayam. Kremes,FOOD
GIANT FCL TISSUE,OTHER
5001-Corn Flakes Cookies,FOOD
FA-Cookies Mix 200 gr,FOOD
[REG] BLACK SAKURA,FOOD
Tahu Telor Asin,FOOD
HAZELNUT CHOCO MT (R),DRINK
PASTELGORENG,FOOD
GULAI CUMI,FOOD
SHOPPING BAG ROTI'O' 370/,OTHER
AYAM GR BUMBU,FOOD
Small 1,OTHER
TOBIKKO ORANGE,FOOD
Bintang Bremer,DRINK
Tanqueray NO 10 gls,DRINK
(TA) BIHUN GORENG SEAFOOD,FOOD
Gojek French Fries,FOOD
Bbq Bento,FOOD
LUNCH BOX 3P SET W/BLACK BAG & SP OON,OTHER
NASI GORENG,FOOD
Udon,FOOD
REAL HONEY PANCAKE BREAD,FOOD
Mini Chocolate Donut,FOOD
Siew Mai,FOOD
PLASTIK 25,OTHER
NASI RAMES,FOOD
DANISH FISH & CHIPS,FOOD
AGSIO TH PC JMR,FOOD
C.KATSU NOODLE HP,FOOD
MOMO,FOOD
OCHA HANGAT,DRINK
Lemon Tea,DRINK
Weiss 0.3 L,DRINK
Chicken Herb Crust,FOOD
GRAIN CROQUE MONSIEUR,FOOD
IKAN GURAME MED SOP IKAN,FOOD
Pandan Cream brulee,FOOD
CARBONARA,FOOD
Ice Tea Tawar,DRINK
Seafood Tempura BBQ,FOOD
BURGER CHIC DECKER,FOOD
PAKET CHICKEN 4,FOOD
HOT OCHA,DRINK
TRUFFLE CREAM,FOOD
WHOLE WHEAT PAN BREAD,FOOD
WAJIK,FOOD
1023-Chocochip & Walnut,FOOD
Mantau - 3 pcs,FOOD
Pancake Durian,FOOD
Sayur Asem,FOOD
EGG TART,FOOD
Mun Tofu,FOOD
RENDANG DAGING,FOOD
SHOPPING BAG,OTHER
NASI BALI (EMPAL),FOOD
R.BANA CHIP,FOOD
Chicken Karamiso Special,FOOD
House Blend,DRINK
BREAD BOX M,OTHER
CHICKEN SKIN,FOOD
SAYAP,FOOD
HOT TUNA,FOOD
Telur Dadar,FOOD
IKAN MALAS 650GR,FOOD
Caesar Salad,FOOD
TAHU DOMBA MEMBARA,FOOD
PILOW DUR PX,FOOD
ES ALPUKAT,DRINK
NUMER CANDLE NO.2,OTHER
garlic pepper beef,FOOD
Kue Macok,FOOD
SALAD BAR 50%,FOOD
Coke (L),DRINK
KOREAN LEMONADE,DRINK
NS+AYAM GR TPG,FOOD
KINGBBOBPG ML REG,FOOD
SHOPPING BAG ROTI'O' 370/M,OTHER
Bakso Lobster,FOOD
GRILLED BABY POTATO ( R,FOOD
Lychee/Peach/Lemon/Mango,DRINK
FUTAMI 17 GREEN TEA (CLAS,DRINK
PAKET HAPPY HOUR,FOOD
Milo Dino,DRINK
THAI ICED TEA,DRINK
ORIGINAL COMBO,FOOD
M-Ovaltine Macchiat,DRINK
TAMMIA 259,OTHER
MIKA KECIL,OTHER
KALBI PLATTER 2-3,FOOD
AYAM BAKAR,FOOD
Es Cincau,DRINK
N AYM PENYET SAMBAL MATAH,FOOD
ORIGINAL NO SALT,FOOD
Caramel Small,DRINK
ALMOND SUGAR MILK BREAD,FOOD
TAHU LAMPION,FOOD
WAKI SALAD,FOOD
CORONET,FOOD
ES TEH MANIS,DRINK
FA-Polycello Bag 200 gr,OTHER
Pocai 3 Telor M,FOOD
RICE,FOOD
GRILLED BABY POTATO (R,FOOD
Milk Shake Coklat,DRINK
Buruno Gr IN,FOOD
Equil Natural,DRINK
Mexican Baked Rice,FOOD
REGULAR JASMINE TEA,DRINK
P. INTESTINE (R),FOOD
MilkShake Starwb,DRINK
Mie Jumbo Pst/bakso,FOOD
DUA BELIBIS SBL135,FOOD
#PKTPOLSBTSPON2S,OTHER
F Squeeze Orange,DRINK
COLD OCHA,DRINK
Pillow Cheese,FOOD
SOUP 50%,FOOD
SAYAP AYAM,FOOD
OREO MILK BLEND,DRINK
Arem Arem,FOOD
GREEN TEA WITH CRUMBLE,DRINK
Crispy Mushroom,FOOD
Ice Tea Peach,DRINK
Rock salt and Cheese [R] Coffee,DRINK
KERUPUK/SAMBEL,FOOD
KUPAT TAHU,FOOD
ES TEH TAWAR,DRINK
GoFood Beragam - ICE LAT TE,DRINK
BANANA DONUT,FOOD
SB SIZE 45.5,OTHER
RAMEN AYAM SPECIAL,FOOD
PLASTIK SEDANG,OTHER
DF Fish Fillet Garlc,FOOD
Ash Chick Sambal Matah,FOOD
BIBIMBAB,FOOD
CT06.TEA 0 ICE R.,DRINK
Teh Poci,DRINK
GYU MOZZA DON,FOOD
Sliders Set,FOOD
PUYUH GO,FOOD
KOPI HITAM,DRINK
ES TEH TAW GUILINGGAO,DRINK
GULAI TUNJANG,FOOD
Jamur Kuping,FOOD
Cai Mieo,FOOD
CHIKATSU BEN,FOOD
Nasi Campur Bali,FOOD
Tonic Water,DRINK
CAKWE (L),FOOD
Spaghetti Bini Muda (Bol ognese) - DINE IN,FOOD
Blend GT (M),DRINK
NIKU UDON,FOOD
Salmon,FOOD
Kupon 7,OTHER
NEW BEEF SPAGHETTI,FOOD
MASHED POTATO,FOOD
UDG GR TLUR ASIN =*MEDIUM*=,FOOD
MOCCA ICE CREAM,FOOD
CUMI GR JUNJAN =*MEDIUM*=,FOOD
UDANG REBUS (M),FOOD
TIMUN JEPANG,FOOD
Air Mineral,DRINK
Chicken H-H,FOOD
Leng Hong Kien,FOOD
PAHA BAWAH,FOOD
BUBBLE GUM,FOOD
KING DEAL CHEESE BURGER R,FOOD
BULGOGI RICE R,FOOD
QTELA KRP/TMPE ORI55,FOOD
Red dragon (P),DRINK
CENTIKPLANCI,FOOD
Chicken Steak,FOOD
Pastry Keju,FOOD
MEDIUM FRIES,FOOD
ROTI SISIR,FOOD
Ice Cappuccino,DRINK
SEAFOOD MARINARA,FOOD
1/2 OTAK-OTAK,FOOD
CENTIK MANIS,FOOD
NASI PUTIH,FOOD
Mineral Water 600 ml,DRINK
df shllt by not250,FOOD
TSUKUNE,FOOD
Fanta Stwbry (L),DRINK
Fried Siomay,FOOD
3180-Soes Marmer,FOOD
RAMES AYAM,FOOD
PREMIUM YANGNYEOM GALBISAL,FOOD
Nila Bakar/Goreng,FOOD
P. RIBS SP (R),FOOD
GURAME FILLET M,FOOD
Mango Mint Iced Tea,DRINK
Fish Ball,FOOD
Set Menu Family,FOOD
LUMPIA UDANG,FOOD
FUSION TEA LYCHE,DRINK
TEH PAHIT PANAS,DRINK
BANANA CAKE PTG,FOOD
TEH KOTAK,DRINK
BASO KUAH,FOOD
KWETIAUW AYM SRM,FOOD
MATCHABERRY,DRINK
SAUSAGE PASTRY ROLL,FOOD
KCS 1,OTHER
Toripaitan Ekstrim telur,FOOD
JONGKONG,FOOD
Tempe Bacem,FOOD
1009-Roti Kelapa,FOOD
ROLL-IT PIZZA BREAD,FOOD
Bakso Ikan,FOOD
Es /hagat Jeruk,DRINK
U SEOL,FOOD
LM Dmplg Chli Sc,FOOD
MAKOLI,DRINK
1/2 Baso Sapi,FOOD
Sparkling Mango Mojito,DRINK
Bento Barbeque,FOOD
CHULPAN CHEESE DAK GALBI,FOOD
ROYAL CHEESE TART,FOOD
CHAPJEA,FOOD
Lasagna Di Carne,FOOD
BOX T. O,OTHER
SOTO KUDUS,FOOD
Sirloin Roll Enoki,FOOD
Enting2 Dua Bandeng Ori,FOOD
K.Chees Chic RC,FOOD
AQUA BOTTLE,DRINK
Soto Daging,FOOD
MOCA FLT OVLTIN,DRINK
PREMIUM TOAST PAN BREAD,FOOD
CHIKEN KATSU FF,FOOD
Green tea Dingin,DRINK
NASI LIWET (SATE BUNTEL AYAM),FOOD
DINE FOR 2,FOOD
P/P AMERICAN FAV,FOOD
Chocolate Log Cake,FOOD
S-Fresh Lemon Lime,DRINK
ES THE TAWAR,DRINK
NASI + AYAM KATSU TER...,FOOD
KP BRANDING S,OTHER
SHABU ADULT,FOOD
PAPER BAG BESAR,OTHER
KACANG MEDAN,FOOD
KP BRANDING L,OTHER
OCTOPUS SATAY,FOOD
ICED HIBISCUS LYCHEE TEA,DRINK
TAM 424 BUFFER 219,OTHER
Ptgs Eggtart,FOOD
Pisang Goreng,FOOD
PaulanerP1,DRINK
SAPO TH SEAFOOD =*MEDIUM*=,FOOD
ICED TEA,DRINK
NEW ORIENTAL CHK RICE,FOOD
4005-Maple glazed,FOOD
Green Tea ICE,DRINK
Avocado with Rock Salt and Cocoa Cream [R],DRINK
Sweet Plum Potato*,FOOD
Nasi Goreng Buntut,FOOD
CHEESE B,FOOD
Mike & Ike Original,FOOD
HYDROCOCO 250ML,DRINK
CAPPUCCINO,DRINK
CARAMELALMOND,FOOD
FRIED CALAMARI,FOOD
Otak-otak Singapore,FOOD
PKT AYAM,FOOD
CHOCBAN CUP,FOOD
Mocha,DRINK
LONTONG CAP GO MEH,FOOD
sun kissed (P),DRINK
COKLAT KEJU,FOOD
FL Cake-French,FOOD
ES JERUK,DRINK
Tea (Ice),DRINK
STIX CINNAMON,FOOD
Chinese Tea-Jasmine,DRINK
CHIC NAMBAN BENTO,FOOD
BLACKCURRANT,DRINK
RB. SAPSAY CHICKEN,FOOD
LALAP SEGAR,FOOD
1022-ROTI KACANG MERAH,FOOD
BANANA MLK+MATCHA PU,DRINK
FRANKFRUT S/USAGE ROLL,FOOD
CHANGE TO CHICKEN BOX,FOOD
Nasi Putih,FOOD
LEMPER,FOOD
Ayam Goreng Crispy Spicy,FOOD
PLASTIC BAG RED CENTRAL SI,OTHER
BOTOL(MOMOGI BOTOL KACA ASI),OTHER
CHAMISUL,DRINK
ICE BLACK COFFE,DRINK
1 PC BIC,FOOD
SIKAT BOTOL/BSC,OTHER
JapaneseBeef Hamburg,FOOD
SPGTHY BOLOGNASE,FOOD
Sate Babi Manis,FOOD
Extra Whipping Cream,FOOD
CREAMY BEEF CLS FTC,FOOD
TEH MANIS PANAS,DRINK
RICE CASE 7L W/CUP,OTHER
Butter Milk Popcorn,FOOD
Original Hugarian Ku,FOOD
SHRIMP SATSUMA,FOOD
IKAN GABUS FRESH,FOOD
CUSTARD SOB RO,FOOD
Milo,DRINK
LM Poach Marble Beef,FOOD
Nasi CampurBali,FOOD
Tempe Goreng,FOOD
BIHUN GORENG AYAM,FOOD
-Corn Flakes Cookies,FOOD
CEKER AYAM,FOOD
Ice Lemon Tea,DRINK
REGAL MARIE 125 GR,FOOD
Chinese Tea,DRINK
DORI KATSU,FOOD
TATAKAN MANDI (JARING MANDI JALA) -,OTHER
HOT TEA,DRINK
PAKET BER2,FOOD
CHOCO PUFF,FOOD
BEEF CURRY RICE,FOOD
[MD] SOFT MORNING ROLL,FOOD
LARGE ICED LEMON TEA,DRINK
Giant Squid,FOOD
Yi Fu Mies Small,FOOD
PKT TELOR/PERKEDEL,FOOD
Spaghetti ChickPesto,FOOD
ICE GREENTEA,DRINK
S-Bubble Milk Tea,DRINK
WOOSAM RICE R,FOOD
"ROTI ""0""",FOOD
FRANKFRUT SAUSAGE ROLL,FOOD
PPSODENT TP WHTNG,OTHER
Tahu Bakso,FOOD
WAKI PLATTER FOR 4-5,FOOD
AYAM GR KERING,FOOD
GYERAN MARI,FOOD
SHITAKE SKEWER,FOOD
Nerds Trop Punch,FOOD
Sambal Gabus Asin Cb,FOOD
PLASTIK KECIL,OTHER
Teppan Seafood Udon,FOOD
I SPECIAL SBL MATAH,FOOD
Sop Sui Jiao,FOOD
TAKE AWAY,OTHER
Chicken Soy Sauce H,FOOD
Plastik Putih Take Away,OTHER
Bakso Campur,FOOD
NASI GORENG NJUN,FOOD
Kopi Susu Kampung.,DRINK
SOONDUBU CHIGE,FOOD
HAEMUL DENJANG JJIGAE,FOOD
IKAN GURAME MED,FOOD
SALMON PESTO,FOOD
ICED GT,DRINK
109.NG NANAS,FOOD
TEH TARIK P,DRINK
Fish Glue,FOOD
Kupon 4,OTHER
FIXALL HK 26521,OTHER
CHICKEN PICATTA,FOOD
POCAI BWG PUTIH,FOOD
Box Bakmie (M),FOOD
"1216 GGM 12"" TTN HERO YONDU",OTHER
SPECTRA BREAST DISPOSABLE PADS (IRIS) / BP-0001 (BREASTPADS),OTHER
PREMIUM MILK PAN BREAD,FOOD
Ayam Asam Manis M,FOOD
BENECOL LYCHEE 2S,DRINK
CHOCO DONUT PRETZEL,FOOD
"Chicken HCC, 1PCS",FOOD
JEKSEOK YANG NYEOM GUI,FOOD
Tahu Isi Ayam,FOOD
CAKWE,FOOD
COOKIES AND CREAM,DRINK
SKEWERED SHUMAI,FOOD
PLASTIC BAG ME,OTHER
TERONG BELANDA,DRINK
SAUCYS BROOD,FOOD
Jamur Isi Ayam,FOOD
CAKE PITA,FOOD
Sambel Kecap,FOOD
K11 CHOCO 1217,FOOD
LOYALTY PROGRAM,OTHER
SIAO MAI BABI,FOOD
Mendoan,FOOD
TEH/ES TEH MANIS,DRINK
Snowman Cake Chocolate,FOOD
Nannys Customer Fries,FOOD
WDH SUN GEL 40ML,OTHER
PLASTIK TENTENG,OTHER
Soup Patin,FOOD
Valdostana,FOOD
Y.BASO PROM,FOOD
CF NASI PUTIH,FOOD
Large *Plastik Kcl,OTHER
BULGOGI BIBIMBAB,FOOD
CHEESE ROLLS 6PCS,FOOD
TAIL STOMACH (S),FOOD
Jamur Goreng,FOOD
Toripaitan shoyu telur,FOOD
CHILLY N'CHEESE,FOOD
mush pasta,FOOD
Gado Gado,FOOD
CALAMARI KATSU,FOOD
Y.B.BAT,FOOD
SAKATONIK LVR 10S,OTHER
M-Konjac Milk Tea,DRINK
TEH SEREH,DRINK
Nasi Uduk Ayam,FOOD
Tepanyaki Cawanmushi,FOOD
BAKPAO BKR C CRISPY,FOOD
1001-ROTI COKLAT,FOOD
KENTHIR 2,FOOD
HAM CHEESE FLAT BREAD,FOOD
Lemon Plate,FOOD
PRAWN & SPINACH PASTA,FOOD
AMBUSH CHS BURGER,FOOD
REDBEAN BREAD,FOOD
Soaghetti Deluxe,FOOD
1069-ROTI KEJU COKLAT,FOOD
escargot florentine,FOOD
1004-Smoked Cheese & Mushroom,FOOD
CB/P BLACK PEPP BEEF,FOOD
Large 1,OTHER
KEJU SUSU,FOOD
WELL TORI KARAAGE MU,FOOD
CUMI BANGKA,FOOD
BAK MANDI (BAK MANDI TAIWAN BESAR),OTHER
CHOCOLATE ICE CREAM,FOOD
Goblin's Mace,OTHER
LIPTON PITCHER,DRINK
Iced Sleepy Coffee,DRINK
Plastik Amook,OTHER
Peach Tea,DRINK
Chicken Baked Rice,FOOD
MINERAL WATER,DRINK
GYOZA AYAM GORENG,FOOD
Mineral water(normal),DRINK
FROZEN CAPUCINO,DRINK
TEA,DRINK
THAI ICED GREEN TEA,DRINK
A.MINERAL GELAS,DRINK
FREE LILIN SPIRAL,OTHER
CUSTARD SOBORO,FOOD
CRUNCHY CHOC,FOOD
Udang Gandum L,FOOD
Nutella Cheese,FOOD
JAP CHAE,FOOD
Red Velvet S,FOOD
Hatosi Rambutan,FOOD
ateh Tawar ateh Tawar,DRINK
MUJAIR BAKAR,FOOD
Jasmine Tea,DRINK
Ori Bento,FOOD
ChicTeriyakiTeishoku,FOOD
BOTTLED WATER,DRINK
GOLIA ACTIV PLS 4,FOOD
QUARTO FORMANGGI PASTA,FOOD
CHOCOLATE MILK SHAKE,DRINK
BAKSO BNGKS,FOOD
CHICKEN KATSU CURRY UDON,FOOD
BACON SHIMEJI SPAGHE,FOOD
KLEPON,FOOD
PEPPER AUS,FOOD
(Goreng)Ayam Gyoza,FOOD
TEH TELOR,DRINK
Nerds Strw Grape,FOOD
Premier Mineral Water (L t1),DRINK
L C MESES,FOOD
S-Matcha Macchiato,DRINK
Hero,OTHER
Kuey Teow Goreng Singapore,FOOD
MILK PASTRY ROLL,FOOD
PAIN AU CAFE MOCHA,FOOD
Ades,DRINK
Se'I Sapi Lada Hitam (J),FOOD
CHOCOLATE TWIST,FOOD
UDG GR TLUR ASIN,FOOD
Chicken Cesar Salad,FOOD
Grill Sea Bass,FOOD
Apple Pie,FOOD
BLUS WANITA,OTHER
Mike & Berry,DRINK
DENDENG,FOOD
Fre ice grentea,DRINK
Lurisia Bolle 330ml,DRINK
Teh Tawar,DRINK
SATE ATI GO,FOOD
JABCHAE BEEF,FOOD
TEA TAWAR,DRINK
TAMAGO,FOOD
TIRAMISU CIN,FOOD
BLACK CHEESE HOTDOG,FOOD
DarkBeer0.3L,DRINK
Lemon Jc,DRINK
MUSTELA BABY OIL 100ML,OTHER
CHO CAKE SMA,FOOD
OREO GREEN TEA SPREAD,FOOD
MIE KOCOK,FOOD
ABURA UDON (SPICY),FOOD
MACARONI,FOOD
OYONG 3 TELOR,FOOD
Chokocha Flt,DRINK
DEPT04,OTHER
Cream Soup,FOOD
Tobiko Gunkan,FOOD
Chines Tea Green Tea,DRINK
SOGOGI JAPCHAE,FOOD
S-Caramel Milk Tea,DRINK
CMPN TROPICANA.CHO75,FOOD
FOOT 6,OTHER
WH3 M LW,OTHER
CRISPY REAL CHEESE,FOOD
Full Box,OTHER
Strawberry Log Cake,FOOD
RTD Madu Aloevera,DRINK
MOZZARELA STICK,FOOD
Nats Bitter Choco cake,FOOD
MANGO GT (L),DRINK
AREM AREM,FOOD
MIE CINCANG,FOOD
Mineral water (s),DRINK
Ha Kaou Udng,FOOD
GALBI TANG,FOOD
AMOUSH DBL CHS BURG,FOOD
CHINESE TEA KWAN'IM,DRINK
TAHU GORENG CRISPY,FOOD
Naga Lychee Juice,DRINK
I TRIPL CHZ,FOOD
DADA DADA,FOOD
KWETIAW GORENG SEA,FOOD
JAMUR,FOOD
VANDOOLEN,FOOD
Mantau - 2 pcs,FOOD
Lamien Udang T,FOOD
GREEN TEA LYCHEE,DRINK
1,OTHER
Kuah Kaldu Ayam,FOOD
HAZELNUT ALM,FOOD
Mgc Chees Wd,FOOD
Mocca Float,DRINK
FFries Large,FOOD
REAL CHOCOLATE ROLL,FOOD
KRN FRIED CHICKN HNY,FOOD
hot lemon tea,DRINK
PL. MUFFIN BLUEBERRY,FOOD
4003-Blueberry Fuji,FOOD
PLASTIK BAG;: 000 PC,OTHER
M02.LMK BEEF RNDANG,FOOD
Cheese Tart Original,FOOD
YANG YUM GUI,FOOD
Ayam Pop,FOOD
red curry beef,FOOD
BUBUR GO,FOOD
BOLU HAWAI PTNG,FOOD
CROQUE MONSIEUR,FOOD
PM CABE HIJAU CURA,FOOD
CREAMY CHK CLS FTC,FOOD
LAPIS SURABAYA PTG,FOOD
ANGSIO TH PC JMR,FOOD
IPED MANDARIN,DRINK
NOIR PIZZA BREAD,FOOD
TERONG,FOOD
Dom Cha Vire Sls,DRINK
Hot Cappuccino,DRINK
SALAD DRESSING THOUSAND ISLAND,FOOD
KERUPUK KULIT,FOOD
SUP BURUNG DARA,FOOD
TEH PANAS,DRINK
KFC Winger HC,FOOD
BUDS CALMING TUMMY RUB CREAM 30ML(TOILETRIES),OTHER
ES BUAH,DRINK
Plastic Bag Small,OTHER
ES KOPI SOKLAT,DRINK
CHUM CHURUM,DRINK
FRESH FRUIT COCKTAIL,DRINK
SAMGYOPSAL,FOOD
F.FRIES COMBO,FOOD
Kailan hongkong,FOOD
SENDOK DAN GARPU PLASTIK,OTHER
Ayam Garang Asem,FOOD
Lemon iced tea,DRINK
RB. COKLAT BAR,FOOD
RTD Relaxing Drink,DRINK
SBL GR ATI/AMPLA,FOOD
DECOLGEN TABLET 4S,OTHER
PEDULI DISABILITAS,OTHER
U SAM GYEOP,FOOD
*PlastiK Kcl,OTHER
Crab Stick,FOOD
500 days of summer (P),DRINK
SATSUMA AGE NIGIRI,FOOD
AYM GR JUN NJAN,FOOD
[RICHE] BLACK SAKURA,FOOD
phad thai,FOOD
MIE MERAH PG,FOOD
Kwan Yin Cup,DRINK
CUMI GR TEPUNG =*MEDIUM*=,FOOD
XLB Org Pork 10x,FOOD
Shampo Aloevera,OTHER
PILLOW COKLAT,FOOD
ONIGIRI,FOOD
Tahu Ikan Oma Giok,FOOD
PLASTIK 33,OTHER
TIGER ROLL PTG,FOOD
Mushroom Soup,FOOD
Round Wagyu (1gr),FOOD
CK Redvelvet,FOOD
Bihun Ayam Jamur,FOOD
OPEN KITCHEN,OTHER
Roasted Chicken,FOOD
TOGE LAUK ASIN,FOOD
PAJON,FOOD
NASI KUNING,FOOD
Grilled Salmon Head,FOOD
Paru Babi,FOOD
LE MINERALE 600ML,DRINK
chapsal twister donnut,FOOD
green tea,DRINK
CF BBQ CHKN WING,FOOD
SANGU TIMBEL KOMPLIT,FOOD
PIZZA TOAST,FOOD
PKT MIE LELEH,FOOD
REAL CHEESE INSIDE BREAD,FOOD
Emily's Shrimp Scampi Fettucine,FOOD
Nasi Goreng,FOOD
* MINERAL WATER,DRINK
TEH TELUR,DRINK
Nasi Goreng Samb,FOOD
SAUSAGE AND SALAMI,FOOD
LUNCH BOX 3P SET W/RED BAG & SP00 N.,OTHER
Pavarotti,OTHER
Jamur Enoki,FOOD
BENTO CHICKEN TERIYAKI,FOOD
TLJ SPANISH COFFEE,DRINK
ES KOPI SUSU,DRINK
SAPO TH SEAFOOD,FOOD
Cappucino (Hot/Iced),DRINK
Cheong Fen Udg,FOOD
CHO MOUSSE,FOOD
CAPPUCINO CI,DRINK
SKEWERED TOFU ROLL,FOOD
5014-LEMPER IKAN,FOOD
Toblerone BanCheese,FOOD
SOTO BETAWI + NASI,FOOD
Capcai Seafood,FOOD
R.PISANG COKLAT,FOOD
3190-Disney Taartjes Siram Coklat,FOOD
KWETIAW SIRAM SAPI,FOOD
PUCUK/H TEH L/SGR350,DRINK
SC/R GRILLED STEAK,FOOD
KOROKE CURRY,FOOD
AYAM POP,FOOD
PHO TAI CHIN(R),FOOD
Combo 2,FOOD
BangBang Chick Wings,FOOD
"0217 GGM 12"" TITAN HERO GAMORA",OTHER
BROWN SAUCE,FOOD
XXI Java Tea (M),DRINK
PKT LELEH AYM GEPRK,FOOD
Heavy alvin potato,FOOD
1244-PLASTIK TENTENGAN SEDANG,OTHER
EARL GREY MILK TEA,DRINK
Samabal SP,FOOD
1026-Garlic Pesto,FOOD
FRIED RC SFOOD,FOOD
French Fries,FOOD
Kimchi P,FOOD
HAKAU UDANG,FOOD
SIRSAK,FOOD
chic ques,FOOD
Pillow Choco,FOOD
Ice Kopi,DRINK
KERTAS KADO 1500,OTHER
Kopi Susu Sudirman,DRINK
SOUR CREAM N ONION,FOOD
WELL CHICKEN KATSU C,FOOD
BEEF CURRY UDON,FOOD
AQUA BTL,DRINK
(TW)NASI GORENG,FOOD
Canele (Mini),FOOD
Cha Keaw L...,DRINK
Home Made Lemonade,DRINK
SAMBAL TRI BELAH,FOOD
Maling,FOOD
PR ORIGINAL 150gr,FOOD
MINERAL 600 ML,DRINK
Es Teh Tawar,DRINK
PAIN AU CHOCOLATE,FOOD
KUE PILUS ASIN,FOOD
1066-Choconut Bun,FOOD
MIKA SEDANG,OTHER
Bbk Bengil Nasi,FOOD
[LG] BLACK SAKURA,FOOD
BULGOGI JEONGSIK,FOOD
Sutake Kombinasi,FOOD
EGG TEMPURA [P],FOOD
Mineral Cup,DRINK
Roti Keju Manis.,FOOD
PIRATES TREASURE,DRINK
Bbk Panggang Sam,FOOD
DARK CHOCOLATE MUFFIN,FOOD
Creamed Spinach,FOOD
Lemon Tea (L).,DRINK
AQUA BOTOL,DRINK
(TW) MIE GORENG AYAM,FOOD
JEK SEOK TEOK POKI (S),FOOD
BIHUN GORENG JJ =*MEDIUM*=,FOOD
Kwetiaw Ayam Jamur,FOOD
Choco Peanut Bread,FOOD
Robert Olio Mushroom Spaghetti,FOOD
NS FILET IKN ASM MNS,FOOD
CARBONARA UDON,FOOD
UDANG RE,FOOD
Kerang/Kikil,FOOD
SPRITE,DRINK
PECEL MADIUN,FOOD
PLAIN CONGEE,FOOD
REGULAR FRIES,FOOD
Extra Jelly Lychee,FOOD
Lemon Juice,DRINK
Bebek Street,FOOD
Nasgor Jawa,FOOD
Ice Tea,DRINK
DIMSUM,FOOD
TEH TAWAR,DRINK
Teh Tawar Panas,DRINK
The Roselle,DRINK
Pepenero Pastel,FOOD
CHICKEN KATSUDON,FOOD
WALL'S FEAST VNILA65,FOOD
SUNDUBU(TUKBEGI) CHAM KKOT SAL,FOOD
AYAM PENYET,FOOD
Roast Beef Crepes,FOOD
SUPER CHEESE,FOOD
CRISPY CHOCO,FOOD
ICED MOCHA LATTE [R],DRINK
BIHUN MASAK KUAH,FOOD
Sprite (L).,DRINK
CREAMCHEESE BREAD,FOOD
WHOP JR 15K,FOOD
Bakpao telur asin,FOOD
Fanta Strwbry (L),DRINK
Empal,FOOD
Spaghetti Deluxe,FOOD
PAKET SUPER MANTAP 2A RAACHA,FOOD
NASI BAKAR,FOOD
Free Ice Tea,DRINK
ZAI.Milk Choco Egg Avenger60gr,FOOD
TakeAway Charge,OTHER
Es Teh,DRINK
Nasi Rawon,FOOD
Pdg Madness,FOOD
EDAMAME,FOOD
Lychee Float,DRINK
GRILLED CALAMARI,FOOD
3025-BOLU GULUNG MOCCA PTG,FOOD
3002-Kyoto Choco Mochi,FOOD
TEH BTL ES,DRINK
JERUK LEMON IMP,FOOD
Chicken Shio Special,FOOD
KRPU MCN TIM 700,FOOD
S/QUEEN MONTES 50,FOOD
fettucine Hubert chicken capers,FOOD
RB. ABON AYAM,FOOD
CT06.TEA 0 HOT R.,DRINK
BASO TAHU BIHUN,FOOD
1216 DPR BATB SD ENCHANTED ROS,OTHER
LUMPUR,FOOD
Coffee Rocksalt [R],DRINK
FILLET DORI,FOOD
Butter Cheese Corn,FOOD
REAL GANACHE,FOOD
hot tea,DRINK
AMANDEL BROOD,FOOD
GORENGAN,FOOD
CB PR SIRLOIN,FOOD
Fish n Chips,FOOD
SAMBEL TOMAT SEG,FOOD
I13.SIMANGOSONG,FOOD
Nasi Goreng Rawon,FOOD
1244-Plastik Tentengan Sedang,OTHER
GOCHUJANG SAMGYEOPSAL,FOOD
AQUA 600ML,DRINK
TAHU JPG S TRM,FOOD
SPECIALTY COMBO,FOOD
THAI ICETEA,DRINK
CRISPY APPLE RAISIN PASTR,FOOD
Ngohiong,FOOD
REGULAR COKE,DRINK
Sawi Putih,FOOD
SANGU TUTUG ONCOM,FOOD
AYAM,FOOD
TEH,DRINK
LYCHEE ICE TEA,DRINK
Bihun Goreng,FOOD
CAPPUCINO BLEND,DRINK
MINUMAN KEMASAN/REFILL,DRINK
KOL GORENG,FOOD
ISI CAMPUR,FOOD
PORK TENDER (L),FOOD
ICED LEMON TEA,DRINK
[MD] MINI CASTELLA ORIGIN,FOOD
Peyek Parcel,FOOD
YAKULT ISI 5 PCS,DRINK
VANBOOLEN,FOOD
WAGYU RIBEYE,FOOD
JINSENG SAMGYETANG,FOOD
Sicito Babi,FOOD
DODOT CUCU COKLAT,DRINK
Chicken Maryland,FOOD
Pocky Chocolate,FOOD
Kepiting 7-8.4ons - Chilly 0.7 1,FOOD
CHOCOLATE ECLAIR,FOOD
BASO TAHU,FOOD
KFC DAY,FOOD
Udang Mentega Sdg (M,FOOD
Extra Ice Cream,FOOD
M/POKO STD XXL5,OTHER
Beef Set A,FOOD
SENDOK BEBEK,OTHER
COCA COLA,DRINK
Se'i Sapi Sambal Lu'at (R),FOOD
Reflection Sparkling,DRINK
BEEF CHEDDAR PO,FOOD
JAPCHE,FOOD
HZ CHOCO MT (L) TOPPING,DRINK
APPLE CREAMCHEESE PASTRY,FOOD
TROPICAL PUNCH,DRINK
MULNAENGMYO N,FOOD
Lemon grass tea (Dine in),DRINK
CHINESE TE,DRINK
ICE COFFE MIX,DRINK
Tahu Sandwidh,FOOD
TAHU GORENG,FOOD
Popcorn Salt (M),FOOD
D.RING COKLAT,FOOD
Gojek Chicken Chilli Sauce H,FOOD
JOIE KUBBIE(BABY BOX),OTHER
NASI UDUK SATE BUNTEL,FOOD
Soup Baso Ikan,FOOD
YANG NYEOM SAM GYEOP SAL,FOOD
CHOCO CHIP,FOOD
1245-PLASTIK TENTENGAN KECIL,OTHER
Gyro Platter Regular,FOOD
MIKA BESAR,OTHER
CABE KERITING CURA,FOOD
Mamamia,FOOD
BASO KWETIAU,FOOD
Mush Fritters,FOOD
YAKI ADULT,FOOD
BO SSAM,FOOD
BCT,OTHER
GONG GIBAB,FOOD
Sate Babi Bumbu Bali,FOOD
1001-Choco Bun,FOOD
(TA) KWETIAW SEAFOOD SIRAM,FOOD
Teppan Seafood Fr Rc,FOOD
BOGO CHEESY RASHER,FOOD
ES ILAT BOYO,DRINK
Chicken Vege Rice Bowl,FOOD
2011-Whole wheat Katamari,FOOD
Ocha Cold,DRINK
POTATO PEPPER BAGEL,FOOD
Nasi Tambah,FOOD
DE13.PSANG IJO MDM,FOOD
LgrBeer0.3L,DRINK
RICHEESE WFR KJ P,FOOD
ABURA UDON (ORIGINAL),FOOD
POCAI 3 TELUR,FOOD
SCREAMING RED BEAN,FOOD
Discount BCA 15%,OTHER
Box Yi Fu Mie (L),FOOD
#F11 CREAM HAMBURG 0,FOOD
Pillow Kombi,FOOD
Topping Milo Sparkle (untuk 1 Po rsi),FOOD
Pecel Pincuk,FOOD
OCHA DINGIN,DRINK
Nasi Ayam Dewata,FOOD
SAUSAGE DONUT,FOOD
SALAD DRESSING SPICY TOMATOES KEWPIE 25ML,FOOD
YUKHWE,FOOD
FL Mille Crepes -,FOOD
BLACK PEPPER MEATBALL,FOOD
RTD Rosella Aloevera,DRINK
S-KOI Cafe Macchiat,DRINK
RED VELVET,FOOD
CHOCO BANANA,FOOD
NO1.MR.MI TLR ASIN,FOOD
Lychee Ice Tea,DRINK
Snack Lestari All,FOOD
KWETIAW GORENG SAPI,FOOD
Cafe Latte,DRINK
Es Teh Manis,DRINK
TUTUP SEAL,OTHER
1439-TUNA CHEESE WHEAT SANDWICH,FOOD
Tahu Goreng,FOOD
JAVA TEA,DRINK