text,label
Ice Kopi,0
TALKING ACTIVITY BK,2
ES KOPI SOKLAT (M),0
OCHA,0
<AYA BUN,1
ES KOPI SOKLAT,0
BLACK PRAWN PASTA,1
AQUA BOTTLE,0
WDH SUN GEL 40ML Fee,2
109.NG NANAS,1
Cold TEH,0
Add FOOT 6,2
KALBI PLATTER 2-3,1
1069-ROTI KEJU COKLAT,1
BL1 M LW,2
GREEN TEA LYCHEE Panas,0
Berry Many-Low (P),0
PLASTIK SDG,2
df shllt by not250,1
Choco Bun,1
Tairyos Salmon Maki,1
S-Hazelnut Milk Tea,0
Mineral water (s) Dingin,0
TATAKAN MANDI (JARING MANDI JALA) - (Small),2
Sparkling Mango Mojito,0
Large Teh Es,0
HAI CMP SPC,1
CMPN TROPICANA.CHO75,1
SATE PADANG,1
-Corn Flakes Cookies,1
Chicken Maryland,1
STRAWBERRY JC,0
Red Velvet S,1
IVINERAL WATER (bundling) 5k (M),0
LIPTON PITCHER Special,0
MPEKMPEK K SELAM,1
MIKA BESAR,2
Fresh Mango Mint Iced Tea,0
NASI CAH JAMUR,1
Caramel Small Dingin,0
NASI LIWET,1
Ngohiong,1
JERUK NIPIS,0
Extra KP BRANDING S,2
Bakso Lobster,1
Jasmine Tea,0
PRAWN & SPINACH PASTA,1
ACCESORIES(SUN BABES PENUTUP MATA),2
Bento Barbeque,1
ROLL-IT PIZZA BREAD,1
Lychee Tea,0
REGULAR JASMINE TEA Dingin,0
OCHA,0
TAHU LAMPION,1
Jus ES TEH/TAWAR,0
Fanta Stwbry (L) 330ml,0
CK.MANTAP A,1
Mineral Water - DINE IN Dingin,0
Creamed Spinach,1
[LG] BLACK SAKURA,1
Jus Air Mineral,0
Ice THAI ICETEA,0
ES BUAH,0
BUDS PRECIOUS NEWBORN CREAM 75ML(TOILETRIES),2
Soto Daging,1
CLASSIC CREAMCEESE CINNAM,1
YUKHWE,1
Small TEH TELOR,0
TAMAGO,1
BLACK CHEESE HOTDOG,1
NEW BEEF LASAGNA,1
BASO TAHU,1
Salad Deluxe,1
GRAPE JELLY,1
RTD MADU ALOEVERA,0
TEA TAWAR Dingin,0
M-Konjac Milk Tea,0
Ice Peach Iced Tea,0
Iced Tea,0
Tax PLASTIC BAG,2
Cream Soup,1
PAKET SUPER MANTAP 2A RAACHA,1
SPRITE Cup,0
LgrBeer0.3L,0
KOREAN LEMONADE,0
"ROTI ""0""",1
BURGER CHIC DECKER,1
1244-PLASTIK TENTENGAN SEDANG Charge,2
MINERALWATER,0
SANGU TIMBEL KOMPLIT,1
Hot Tea Dingin,0
1245-Plastik Tentengan Kecil (Small),2
OCHA HANGAT,0
Ice Tea Tawar Panas,0
BIHUN GORENG JJ,1
ICED TEA,0
red curry beef,1
MINERALWATER (L),0
Ikan Gurame Tahu M,1
GIANT FCL TISSUE Bag,2
COLD OCHA,0
PKT LELEH AYM GEPRK,1
NUMER CANDLE NO.2,2
Sweet The Roselle,0
CHINESE TE Special,0
PAKET CHICKEN 4,1
Bola Ubi Mini Original (14 Pcs ),1
Hot Mike & Berry,0
Fresh ICED MOCHA LATTE [R],0
Sweet F Squeeze Orange,0
MDSE ST (Small),2
Toblerone BanCheese,1
Y.B.BAT,1
IKAN GURAME REG,1
EGG TEMPURA,1
SPGTHY BOLOGNASE,1
PLASTIK TENTENG KECIL,2
CHEESE BUN,1
Lychee Ice Tea Panas,0
Tax PLASTIK BAG;: 000 PC,2
DECOLGEN TABLET 4S Bag,2
GULAI CUMI,1
ORANGE JUICE,0
NS+AYAM GR TPG,1
Omurice Katsu Curry,1
Rice Organik,1
THAI ICED TEA Panas,0
LEMONADE Special,0
ICED COFFEE,0
[MD] SOFT STEAMED CHEESEC,1
UP Drink 16 Bottle,0
REGULAR JASMINE TEA,0
Charge SB 1 OR,2
SPICY C CHEESE,1
GIANT FCL TISSUE,2
#PKTPOLSBTSPON2S Bag,2
Small LEMONADE,0
Ocha Hot Dingin,0
Lemon Tea (L). (M),0
MIE GORENG SPECIAL,1
Nila Penyet + Nasi,1
BIHUN MASAK KUAH,1
FIXALL HK 26521 Fee,2
GoFood Beragam - ICE LAT TE,0
Choco Lining Bread,1
Valdostana,1
LEMON TEA (L).,0
TEH,0
KrpBangka/Bawang,1
WALL'S FEAST VNILA65,1
CHICKEN SKIN,1
Spaghetti Bini Muda (Bol ognese) - DINE IN,1
LIMAU KASTURI,0
Large Mineral Cup,0
Crab Stick,1
Paru Babi,1
Dom Cha Vire Sls (L),0
CARAMEL SMALL,0
Full Box Service,2
Charge PLASTIK TENTENG,2
Add Cuci,2
Ice Lychee Ice Tea,0
Tax 1244-Plastik Tentengan Sedang,2
1x Lemon Tea (L),0
Serbu 1,2
QUARTO FORMANGGI PASTA,1
TANQUERAY NO 10 GLS,0
Milo Dino,0
Jus IPED MANDARIN,0
JUICE ALPUKAT Special,0
ES CINCAU,0
ROCK SALT AND CHEESE [R] COFFEE,0
Es Cincau Bottle,0
500 days of summer (P),0
Fresh Jasmine Tea,0
Mineral water (s),0
NUMER CANDLE NO.1,2
1013-ROTI NANAS,1
Lemon Jc Dingin,0
Canele (Mini),1
steamed rice,1
OPEN KITCHEN (Small),2
BUDS CALMING TUMMY RUB CREAM 30ML(TOILETRIES) Only,2
ROYAL CHEESE TART,1
Full Box,2
RTD Relaxing Drink 330ml,0
LUNCH BOX 3P SET W/BLACK BAG & SP OON,2
BASO KUAH,1
CH CORDON BLEU NASI,1
SHARKIE FREEZE Dingin,0
RTD Madu Aloevera (L),0
SM Udang & Aym (4),1
Extra CIPAIN PATCH 4S,2
(TA) NASI GRG TERI MEDAN,1
Ice Teh Tawar Hangat,0
Sweet SPRITE,0
RB. AI-AI CHOCO,1
INARI,1
S-Bubble Milk Tea Dingin,0
MOCA FLT OVLTIN,0
Hot AQUA BOTTLE,0
Teh BOTTLED WATER,0
ATEH TAWAR ATEH TAWAR,0
SAKATONIK LVR 10S,2
RED BEAN BRAIDED BREAD,1
Sirloin Roll Enoki,1
Telur Dadar,1
<FC Winger HC,1
Weiss 0.3 L Dingin,0
Extra Jelly Lychee.,1
Teh sun kissed (P),0
CHOCO CUSTAF D PASTRY,1
Siew Mai,1
Lychee/Peach/Lemon/Mango,0
1 PC BIC,1
Lemon Tea (L) (M),0
JASMINE (M),0
CARBONARA,1
1pc Discount BCA 15%,2
Sparkling Mango Mojito Dingin,0
Teh Mineral Water - DINE IN,0
D.RING COKLAT,1
PLASTIK 33,2
Small S-Bubble Milk Tea,0
TEH TAWAR Special,0
Combo 4,1
1x ES KOPI SOKLAT,0
Gojek French Fries,1
NIKU UDON,1
CHINESE TEA,0
1x Kwan Yin Cup,0
Fresh Ice Kopi,0
OCHA HANGAT Bottle,0
MANGO FLOAT,0
GOCUJANG H.200G,1
Es 7 UP CAN 330 ML,0
Fresh Es Cincau,0
ES NONA REGULAR,0
MIKA KCL,2
Jamur Kuping,1
Hot CHUM CHURUM PEACH,0
1022-ROTI KACANG MERAH,1
LUNCH BOX 3P SET W/RED BAG & SP00 N. Bag,2
1244-Plastik Tentengan Sedang,2
RTD Kunyit Dingin,0
SIAO MAI BABI,1
Kopi Susu Sudirman,0
PREMIER MINERAL WATER (L T1),0
Nasi Putih,1
Pocai 3 Telor M,1
Salmon,1
SALAD DRESSING THOUSAND ISLAND,1
FFries Large,1
LOYALTY PROGRAM Service,2
Pancake Durian,1
Peyek Parcel,1
-Chokoreto Cookies,1
NASI BAKAR,1
Mocha 330ml,0
Soaghetti Deluxe,1
WARISAN 2 FREE DRINK,0
HOT TUNA,1
POTATO SAUSAGE BREAD,1
KOREAN COLD TEA,0
CHOCOLATE ICE CREAM,1
BENECOL LYCHEE 2S,0
AIR MINERAL,0
Es MAKOLI,0
Add =*LARGE*==,2
PaulanerP1 Special,0
CUSTARD SOB RO,1
Heavy alvin potato,1
Lamien Udang T,1
BOLU KUKUS PX,1
Pork Belly Cheese Fries,1
MILO DINO,0
Iced Cappuccino Cup,0
PLASTIK SEDANG,2
OCHA DINGIN Cup,0
Sutake Kombinasi,1
S-KOI Cafe Macchiat (L),0
Tahu Telor Asin,1
M-Ovaltine Macchiat 330ml,0
Bbq Bento,1
TAHU BAKSO Grg Ayam VC [biji,1
Teh hot lemon tea,0
4032-Mini Glazed Croissant (isi 5 pcs),1
DF Fish Fillet Garlc,1
PKT MIE LELEH,1
DENDENG BALADO,1
Nasi Goreng Ayam,1
DarkBeer0.3L 330ml,0
Sicito Babi,1
Es Dom Cha Vire Sls,0
50% CHICKEN ROYAL,1
Sweet KOPI SUSU,0
[MD] MINI CASTELLA CHOCOL,1
Sprite (L). Special,0
SOTO BETAWI + NASI,1
Extra FA-Polycello Bag 200 gr,2
CK Redvelvet,1
IPED MANDARIN,0
A.MINERAL GELAS Panas,0
Wagyu Rice Box,1
KERUPUK KERING,1
Blend GT (M),0
AQUA,0
CHINESE TEA KWAN'IM,0
PAPER BAG BESAR Bag,2
IVINERAL WATER (bundling) 5k,0
LUMPIA UDANG,1
JUICE ALPUKAT,0
SENDOK BEBEK Only,2
Fresh RTD Madu Aloevera,0
Add SENDOK MAKAN,2
Large PaulanerP1,0
Teh Home Made Lemonade,0
Bakmi Ultah,1
Sweet Ocha Hot,0
Chocolate Twist,1
TEH JAWA,0
Tempe Bacem,1
HZ CHOCO MT (L) TOPPING 330ml,0
LUMPIA,1
Nerds Watermelon,1
FROZEN CAPUCINO,0
NS FILET IKN ASM MNS,1
Hero,2
Cold M-Ovaltine Macchiat,0
KOPI SUSU,0
Mango Mint Iced Tea 330ml,0
UDANG RE,1
Lapolong,1
ICE COFFE MIX,0
Plastik Amook Only,2
Fresh Mineral water (s),0
WAJIK,1
Small Es Kopi Susu Pandan,0
YAKULT ISI 5 PCS Cup,0
"1216 GGM 12"" TTN HERO YONDU Only",2
1245-PLASTIK TENTENGAN KECIL,2
STRAWBERRY,1
Fee PLASTIK SDG,2
TEH KOTAK Cup,0
Jeruk Panas (M),0
Otak-otak Singapore,1
CHUM CHURUM PEACH (L),0
ZUPPA SOUP,1
WHOP JR 15K,1
VALINO DONNA,2
UP Orange 16 (L),0
Ice Tea Rasp Dingin,0
Weiss 0.3 L,0
M02.LMK BEEF RNDANG,1
PECEL MADIUN,1
COKE (L),0
BAJU ATASAN(PETITE MIMI ROMPER 3D FOREST / RM0003),2
P J Cotes du 330ml,0
Green Tea ICE Bottle,0
RTD Kunyit,0
Ikan Bawal Besa,1
Plastic CUP 14 OZ,2
ES TEH TAW GUILINGGAO,0
CHUM CHURUM PEACH,0
1x M-Konjac Milk Tea,0
AYAM BAKAR,1
Croque Mme.,1
Angus Striploin,1
JUS JERUK,0
OPEN KITCHEN,2
GREEN TEA WITH CRUMBLE,0
GARPU Fee,2
M-Konjac Milk Tea Bottle,0
XXI Java Tea (M) Cup,0
BIHUN CAMPUR,1
Pavarotti Charge,2
Ns Pgng Kj Sp,1
Lychee Float Dingin,0
Es Strawberry jc,0
Large ICED White,0
HAM CHEESE FLAT BREAD,1
Teh Tawar Panas,0
Fee PLASTIK 33,2
CRYSANTNUM Bottle,0
NASI MERAH/PUTIH,1
RB. ABON AYAM,1
TEH JAWA Cup,0
OGYOPSAL,1
TALKING ACTIVITY BK (Small),2
Berry Many-Low (P) Cup,0
DONAT AYAM,1
LUNCH BOX 3P SET W/RED BAG & SP00 N.,2
MARBLED SIRLOIN STEAK 200gr,1
CHIKEN KATSU FF,1
GARISH PC Service,2
BUDS PRECIOUS NEWBORN CREAM 75ML(TOILETRIES) Bag,2
Plastic BOTOL(MOMOGI BOTOL KACA ASI),2
Es IVINERAL WATER (bundling) 5k,0
SAUSAGE DONUT,1
Grilled Dorry Fish,1
AQUA 600ML,0
S-Fresh Lemon Lime,0
SENDOK MAKAN Bag,2
PLASTIK TENTENG (Small),2
TATAKAN MANDI (JARING MANDI JALA) -,2
GOLIA ACTIV PLS 4,1
BACON SHIMEJI SPAGHE,1
SIKAT BOTOL/BSC,2
Iced Sleepy Coffee 330ml,0
ICE BLACK COFFE,0
Toripaitan Ekstrim telur,1
SPICY TEMPURA,1
DONATCOKLAT,1
Chinese Tea Special,0
"Oriental ""Ketjap"" Pork Rice",1
JAP CHAE,1
Cold TEH BTL ES,0
TEH BTL ES,0
KOPI HITAM 330ml,0
KENTHIR 2,1
Sweet Iced Coffee,0
Krupuk Babi Bungkus,1
Large House Blend,0
ORANGE JUICE Special,0
MIKA KCL Charge,2
SOONDUBU CHIGE,1
EBI TEMPURA,1
KUPAT TAHU,1
SB SIZE 45.5,2
BUDS PRECIOUS NEWBORN HEAD TO TOE CLEANSER 250ML(TOILETRIES) Only,2
Hot CAPPUCCINO,0
Chokocha Flt Dingin,0
Hot Earl Gray Tea,0
M/POKO STD XXL5,2
TEH PANAS 330ml,0
Tax GIANT FCL TISSUE,2
CHIC NAMBAN BENTO,1
Iced Sugar Cane Bottle,0
UP Orange 16,0
GADO-GADO,1
MINERAL WATER (S).,0
AIR MINERAL Dingin,0
Chamomile (M),0
Teh Pucuk 350 ml (M),0
Fresh AQUA 600ML,0
Goblin's Mace Fee,2
A.MINERAL BOTOL Cup,0
Charge PLASTIK TENTENG KECIL,2
SKEWERED SHUMAI,1
SC/P SUPER SUPREME,1
Extra Polo 1,2
ISI CAMPUR,1
KAKE UDON,1
CHILLY N'CHEESE,1
Jus Jeruk Panas,0
Hot Chocolate Marshmallo 330ml,0
Free Ice Tea,0
BULGOGI RICE R,1
ES TEH/TAWAR,0
Small KOREAN LEMONADE,0
Pecel Komplit + Nasi,1
KOREAN COLD TEA,0
MED ICED LEMON TEA,0
I13.SIMANGOSONG,1
KP BRANDING L (Small),2
Extra TATAKAN MANDI (JARING MANDI JALA) -,2
BANANA DONUT,1
SUNDUBU,1
Ice Kopi Susu Sudirman,0
Small TEH MANIS,0
Kailan hongkong,1
TAHU,1
DOUBLE CHEESE PAN BREAD(L,1
Teppan Seafood Udon,1
SAUCE SHOYU SUSHI YAMASA HALAL,1
1pc PEDULI DISABILITAS,2
Popcorn Sweet (S),1
Benedict Burrito,1
1pc Kupon 1,2
ICED LEMON TEA,0
Kimchi P,1
Fee GARISH PC,2
Teh Es,0
Hot TEH HANGAT,0
S-HAZELNUT MILK TEA,0
MOMO,1
KERTAS KADO 1500 (Small),2
Es Cincau,0
GULAI OTAK,1
Goblin's Mace,2
1pc Chicken OR,1
ICED CAPPUCCINO,0
TALAM UNGU,1
1057-French Bread Puding,1
F Squeeze Orange,0
JAPANEESE GR TEA HOT,0
Fanta Strwbry (L) (M),0
NASI GORENG NJUN,1
ES KOPI SUSU,0
REGAL MARIE 125 GR,1
1x ICE BLACK COFFE,0
HAZELNUT,1
"1216 GGM 12"" TTN HERO YONDU",2
Cold THAI ICED COFFEE,0
Teh TEH TAWAR,0
CT06.TEA 0 ICE R.,0
Teh Manis,0
DIMSUM,1
Arem Arem,1
1x MilkShake Starwb,0
Mineral Water Special,0
Mineral Water 600 ml,0
UDG GR TLUR ASIN =*MEDIUM*=,1
AQUA BOTOL,0
TSUKUNE,1
TEH HANGAT Cup,0
BUDS PRECIOUS NEWBORN HEAD TO TOE CLEANSER 250ML(TOILETRIES),2
Pillow Cheese,1
Pillow Kombi,1
TEH KOTAK,0
PLASTIC BAG RED CENTRAL SI,2
AYM RBS 1 EKOR,1
SAPO TH SEAFOOD,1
KERTAS KADO 1500,2
UP Drink 16,0
Sweet Tea Special,0
Hot Lurisia stille 330ml,0
KAYA BUN,1
CRISPY REAL CHEESE,1
SUPER CHEESE,1
Bihun Goreng,1
Chicken Karamiso Special,1
Tahu Woku,1
Es Lemon Jc,0
RB. CREPES TUNA,1
Silky Green Tea,0
LALAP SEGAR,1
TRIPPLE CHEESE,1
IPED MANDARIN,0
Green Tea cold 330ml,0
ORIGINAL BREWED TEA (M),0
Add NUMER CANDLE NO.2,2
MOCA FLT OVLTIN,0
1pc GARPU MAKAN,2
NEW BEEF SPAGHETTI,1
Thai Coffee ICE,0
Hot XXI Java Tea (M),0
TEH TELOR,0
TIGER ROLL PTG,1
Ayam Garang Asem,1
PAKET BULGOGI 3,1
CHOCBAN CUP,1
Ice Lemon Tea Panas,0
JOIE KUBBIE(BABY BOX) Service,2
Chicken H-H,1
ES TEH/TAWAR Cup,0
Kuah Kaldu Ayam,1
Fresh P J Cotes du,0
RTD Relaxing Drink,0
Charge KP BRANDING L,2
ORIGINAL COMBO,1
K.Chees Chic RC,1
MDSE ST,2
LIPTON PITCHER,0
QTELA KRP/TMPE ORI55,1
"Chicken HCC, 1Pcs",1
Toripaitan shoyu telur,1
MILK PASTRY ROLL,1
Jus Hot Cappuccino,0
[REG] BLACK SAKURA,1
Banana Milkshake Panas,0
Tanqueray NO 10 gls,0
LIPTON ICE TEA REGULA,0
Mini Chocolate Donut,1
Plastic BAJU ATASAN(PETITE MIMI ROMPER 3D FOREST / RM0003),2
SHOPPING BAG ROTI'O' 370/ Charge,2
ES TEH/TAWAR,0
Sweet Tea,0
1 BIC ALA CARTE,1
1/2 Baso Sapi,1
BLACKPINK,0
Mendoan,1
Hero (Small),2
1x COCA COLA,0
Hotplate Tahu,1
Sabun Transparant Madu Only,2
Tahu Goreng,1
Box Bakmie (M),1
Cold FlyDark 0.3,0
Teh TEH KOTAK,0
Silky Hazelnut Dingin,0
ICED HIBISCUS LYCHEE TEA Cup,0
Hatosi Rambutan,1
Mush Fritters,1
ICE BLACKCOFFE,0
PLASTIK SEDANG Fee,2
PaulanerP1,0
LARGE ICED LEMON TEA,0
Teh Mineral Water 600 ml,0
Nila Bakar/Goreng,1
Mun Tofu,1
Sate Babi Manis,1
Buruno Gr IN,1
Small Chinese Tea,0
KOREAN LEMONADE,0
Ayam Bakar,1
PAIN AU CHOCOLATE,1
CORONET,1
Large MINERALWATER,0
CT12.BLK JELY KPI IC,0
Mike & Berry,0
JERUK LEMON IMP,1
Plastic +PALM SHW GEL 450,2
MILKSHAKE STARWB,0
ICED TEA Panas,0
Lumpia Klt Tahu (3),1
GYU MOZZA DON,1
Kwan Yin Cup,0
KWETIAW SIRAM SAPI,1
Teh Tawar Panas Bottle,0
Small Iced Cappuccino,0
Lurisia Bolle 330ml Bottle,0
Hot Tea,0
VANBOOLEN,1
Es FROZEN CAPUCINO,0
Home Made Lemonade,0
7 UP CAN 330 ML Bottle,0
Bakmie Pst/ Bakso,1
Large S-Matcha Macchiato,0
1x BIR BINTANG BOTOL ( ),0
Fresh TROPICAL PUNCH,0
Ice Tea,0
Ayam Pop,1
Tax PLASTIK SEDANG,2
Tax SB 1 HC,2
Add SAKATONIK LVR 10S,2
Banana Milkshake,0
ES NONA REGULAR Cup,0
AMBUSH DBL CHS BURG,1
Cold Bintang Bremer,0
XXI Java Tea Spc,0
sun kissed (P) (M),0
ICED SUGAR CANE,0
BOTTLED WATER (L),0
[MD] SOFT STEAMED CHOCOCA,1
TEH TELUR,0
Jus ICE GREENTEA,0
BOTTLED WATER,0
Pink Panther (P) Cup,0
Bintang Bremer Special,0
JUICE ALPUKAT,0
AYAM GORENG,1
Milk Shake Coklat,0
Es Teh Pucuk 350 ml,0
TAHU DOMBA MEMBARA,1
Small Lychee Tea,0
Add Pavarotti,2
HAZELNUT ALM,1
Bakmi Ayam Spc Ng,1
RE5 M LW Fee,2
Ice Orange,0
Blend GT (M) (L),0
HYDROCOCO 250ML,0
House Blend 330ml,0
S-KOI CAFE MACCHIAT,0
Charge Serbu 1,2
CHAPJEA,1
WHOLE WHEAT PAN BREAD,1
Lurisia stille 330ml Dingin,0
CAPPUCINO BLEND Cup,0
CHOCO BANANA,1
Charge *PlastiK Kcl,2
KUE PILUS ASIN,1
Sweet CHOCOLATE MILK SHAKE,0
Ayam Goreng Crispy Spicy,1
Ice Lemon Tea,0
KFC Winger HC,1
TEH MANIS Panas,0
AYAM POP,1
1x TEA TAWAR,0
PAKET WEEKEND 1,1
Gado Gado,1
Mango Float,0
CROQUE MONSIEUR,1
CT06.TEA 0 HOT R. 330ml,0
1pc MIKA SEDANG,2
Bakpao telur asin,1
TEH Dingin,0
Oolong Jasmine Cup (L),0
Ayam Suir Bali,1
ICED White,0
SILKY GREEN TEA,0
PLASTIK 33 Only,2
LEMON JC,0
Lov Triangle,1
TEH MANIS PANAS,0
CT06.TEA 0 HOT R.,0
Teh Tawar Hangat Dingin,0
BLUS WANITA Fee,2
CAPPUCINO,0
SB 1 HC,2
TEH PUCUK Special,0
Teh LYCHEE ICE TEA,0
DarkBeer0.3L,0
Es S-KOI Cafe Macchiat,0
BBQ Chicken,1
Roast Beef Crepes,1
AMANDEL BROOD,1
FILLET DORI,1
Jus PUCUK/H TEH L/SGR350,0
ROTI SISIR,1
Fee CHARGE TA,2
EARL GREY MILK TEA,0
ICED CAPPUCINO JELLY,0
Teh XXI Java Tea Spc,0
GRAINS PAN BREAD,1
Charge KCS 1,2
GULAI TUNJANG,1
WHDP JR 15K,1
Sliders Set,1
KaraageCurryTeishoku,1
PLASTIC BAG,2
RED VELVET,1
Topping Milo Sparkle (untuk 1 Po rsi),1
REAL HONEY PANCAKE BREAD,1
Fanta Strwbry (L),0
Plastic OPEN KITCHEN,2
Bintang Bremer,0
S-Matcha Macchiato Special,0
CREAMY BEEF CLS FTC,1
Hot Lemon Tea (L).,0
Jus Fre ice grentea,0
CHINESE TE,0
Bihun Ayam Jamur,1
S-Ovaltine Macchiat Special,0
ES NONA REGULAR,0
BLACKPINK,0
TOBIKKO ORANGE,1
XXI Java Tea (M),0
Add JOIE KUBBIE(BABY BOX),2
RICE CASE 7L W/CUP,2
REGULAR COKE,0
LS TOILETBRUSH102,2
Lemon Tea (L),0
DODOT CUCU COKLAT Panas,0
SALTED EGG FISH & CHIPS,1
mush pasta,1
6002-Plastic Bag Medium Bag,2
Earl Gray Tea Bottle,0
Mantau - 2 pcs,1
GREEN TEA WITH CRUMBLE,0
FORMULA S/P P Bag,2
ROTI UNYIL,1
MINERAL WATER Dingin,0
SAUSAGE BREAD,1
GARPU MAKAN Only,2
CUMI BANGKA,1
SC/R GRILLED STEAK,1
kaya bred,1
PREMIUM TOAST PAN BREAD,1
IFUMIE,1
Lychee/Peach/Lemon/Mango 330ml,0
RB. SAPSAY CHICKEN,1
Giant Squid,1
MUF CHOC CHP,1
TOGE LAUK ASIN,1
Cold Oolong Jasmine Cup,0
CINNAMON SUGAR,1
=*LARGE*==,2
CHINESE TEA KWAN'IM,0
CHOCO PUFF,1
Silky Green Tea Dingin,0
HOT OCHA,0
Fee =*MEDIUM*=,2
"Add 0217 GGM 12"" TITAN HERO GAMORA",2
Fruit Compliment,1
Chamomile,0
Iced Sleepy Coffee,0
Dom Cha Vire Sls,0
Lemon Tea Dingin,0
PAKET CHICKEN 3,1
CHICKEN KATSU,1
Small Hot Chocolate Marshmallo,0
Extra BUDS PRECIOUS NEWBORN HEAD TO TOE CLEANSER 250ML(TOILETRIES),2
Nerds Strw Grape,1
SUNKIST,0
KP BRANDING L,2
Milo,0
Sweet CRYSANTNUM,0
LgrBeer0.3L Special,0
SIRSAK,1
Pavarotti,2
"0217 GGM 12"" TITAN HERO GAMORA",2
LS TOILETBRUSH102 Charge,2
1 PC CHOCHICKS,1
Cha Keaw L...,0
Mamamia,1
MPEKMPEK LENJER,1
Tahu Ikan Oma Giok,1
NASI GORENG SPC,1
PUCUK/H TEH L/SGR350 330ml,0
MIKA BESAR Bag,2
FLYDARK 0.3,0
Sweet ES JERUK,0
MILO,0
NASI RAMES,1
1x Viet Milk Coffee,0
PEDULI DISABILITAS,2
ateh Tawar ateh Tawar Dingin,0
*PlastiK Kcl Charge,2
MS SWISS ML MED,1
Plastic Bag Small,2
Teh Mango Lemon Tea,0
ES THE TAWAR Special,0
UDANG REBUS (M),1
Nasi Goreng Buntut,1
Tax RICE CASE 7L W/CUP,2
Large ES NONA REGULAR,0
SPRITE (L).,0
LAPIS SURABAYA PTG,1
Mie Trsi Kgkung,1
DOM CHA VIRE SLS,0
Pecel Pincuk,1
ES JERUK,0
CUMI GR JUNJAN =*MEDIUM*=,1
Plastic LUNCH BOX 3P SET W/RED BAG & SP00 N.,2
AYAM GR KERING,1
green tea,0
Kupon 9 Charge,2
Kupon 1,2
PR ORIGINAL 150gr,1
Plastic FORMULA S/P P,2
Ayam Asam Manis M,1
Lemon Tea (L).,0
Sambal Kecil,1
MACARONI,1
Lidah Asap Sambal Lu'at ( R ),1
3001-Sakura Mochi,1
CREAMY MARINARA SALMON,1
BENECOL LYCHEE 2S,0
ABURA UDON (ORIGINAL),1
SPRITE,0
Milk Shake Coklat (L),0
NOIR PIZZA BREAD,1
*PlastiK Kcl,2
MAKOLI Bottle,0
Sop Gurame,1
Ayam Sambal Hija,1
Milo Dino (M),0
TLJ SPANISH COFFEE,0
Es TEH MANIS PANAS,0
Viet Milk Coffee Dingin,0
1037-ROTI MAHKOTA/RING,1
Es MATCHABERRY,0
Original Hugarian Ku,1
Ice Kopi (L),0
LYCHEE ICE TEA Bottle,0
AIR MINERAL,0
CF NASI PUTIH,1
Fresh CT12.BLK JELY KPI IC,0
Organic Green Sa,1
Sop Sui Jiao,1
SAUSAGE AND SALAMI,1
Iced Coffee Latte Cup,0
Nasi (MLY),1
Teh A.MINERAL GELAS,0
PASTELGORENG,1
Small TEH JAWA,0
Fish Ball,1
MOKDENGSIM,1
BLACK PAPPER MEATBALL PAS,1
SHARKIE FREEZE,0
R.BANA CHIP,1
COLD OCHA 330ml,0
Cheezemania,1
Cold TEH TELUR,0
Charge BCA PROMO,2
Thai Tea - ICE Panas,0
CUP 14 OZ Only,2
AYAM PANGGANG,1
Cold Blend GT (M),0
P J COTES DU,0
LOYALTY PROGRAM,2
KOPI SUSU Cup,0
phad thai,1
Es TLJ SPANISH COFFEE,0
RICE CASE 7L W/CUP Bag,2
1244-PLASTIK TENTENGAN SEDANG,2
PAPER BAG BESAR,2
AQUA BOTOL,0
ICE BLACKCOFFE 330ml,0
GREEN ITSODA PITCHER,0
Pillow Choco,1
1x REGULAR COKE,0
PUDING,1
SBL GR ATI/AMPLA,1
ROBA - SPICY KAWA SKEWER KULIT,1
WARISAN 2 FREE DRINK Bottle,0
Cold CT06.TEA 0 HOT R.,0
Large 1,2
Extra VALINO DONNA,2
DarkBeer0.5L,0
Salmon Seaweed Bowl,1
Hot UP Orange 16,0
SAM DA S00 MINERAL WATER,0
S-Hazelnut Milk Tea (L),0
REFLECTION SPARKLING,0
ES TEH MANIS,0
TROPICAL PUNCH,0
Sambal Besar,1
GRILLED BABY POTATO ( R,1
Jamur Crispy,1
POCAI BWG PUTIH =*MEDIUM*=,1
TEH TAWAR HANGAT,0
DINE FOR 2,1
YAKULT ISI 5 PCS,0
MATCHABERRY,0
Teh SHARKIE FREEZE,0
Go Hiong,1
SB 1 OR,2
GREEN BEAN KAKIAGE,1
=*MEDIUM*=,2
CRYSANTNUM,0
Premier Mineral Water (L t1) Special,0
CUP 14 OZ,2
CHOCO CUSTARD PASTRY,1
Tonic Water Special,0
LUMPIA UDG PREM,1
Nasi Campur ala Bali,1
RedVelvet Cheese Slc,1
YIFUMI,1
UP ORANGE 16,0
SOP AYM BNG,1
SUP JGG KPT,1
M-Ovaltine Macchiat,0
1x REGULAR JASMINE TEA,0
Ash Chick Sambal Matah,1
T. TARIK GREENTEA DINGIN,0
Samabal SP,1
KCS 1,2
SIKAT BOTOL/BSC Fee,2
Extra Sabun Transparant Madu,2
TAKE AWAY,2
CF BUNCIS ORG,1
REDBEAN BRE/D,1
1009-ROTI KELAPA,1
Oolong Jasmine Cup,0
Charge Goblin's Mace,2
Small Green Tea ICE,0
COCA COLA Cup,0
Small OCHA,0
LYCHEE ICE TEA,0
Small ateh Tawar ateh Tawar,0
KOROKE CURRY,1
MULNAENGMYON,1
Small Fanta Stwbry (L),0
ICE BLACK COFFE,0
TEH TELOR Bottle,0
4002-Chocolate Orange Peel,1
chapsal twister donnut,1
JAPANEESE GR TEA HOT,0
Es ORANGE JUICE,0
S-Matcha Macchiato,0
Emily's Shrimp Scampi Fettucine,1
GARISH PC,2
Es GREEN TEA WITH CRUMBLE,0
NS BISTIK AYM TP,1
Extra TUTUP SEAL,2
HYDROCOCO 250ML,0
TEH SEREH,0
POTATO PEPPER BAGEL,1
Lasagna,1
GREEN TEA,0
CLS CHK CHIL,1
Jeruk Panas,0
TROPICAL PUNCH,0
BOTOL(MOMOGI BOTOL KACA ASI) Fee,2
WH3 M LW,2
PKT TELOR/PERKEDEL,1
beef C roll 3pcs,1
BEEF CROQUETTE,1
T. TARIK GREENTEA DINGIN Panas,0
Plastic DECOLGEN TABLET 4S,2
Fee RE5 M LW,2
DADAR PISANG,1
Nasgor Jawa,1
CUSTARD BRIOCHE,1
Lychee Ice Tea,0
Plastic TALKING ACTIVITY BK,2
Charge WDH SUN GEL 40ML,2
NASI + AYAM KATSU TER...,1
MIKA SEDANG Bag,2
BAKWAN JAGUNG,1
JAJANGMYEON,1
IKAN GURAME MED SOP IKAN,1
Sweet Teh Poci,0
Extra Jelly Lychee,1
Choco Melt,1
Gyro Platter Regular,1
KCS 1 Bag,2
Sweet Ice Orange,0
FOOT 6 Service,2
PAJON,1
Large Sprite (L).,0
LUNCH BOX 3P SET W/BLACK BAG & SP OON Charge,2
IKAN MALAS 650GR,1
EDAMAME,1
YAMIN BASO SAPI,1
Large RTD Kunyit,0
Lemon Plate,1
ES ILAT BOYO Panas,0
ICED CAPPUCINO JELLY (M),0
XXI JAVA TEA (M),0
Fresh Banana Milkshake,0
HOT OCHA Special,0
BANANA KISMIS,1
TAKE AWAY CHARGE,2
KOL GORENG,1
Ice Es Teh,0
A.MINERAL BOTOL,0
Nasi Goreng Gila,1
Es SWEEAT ICE TEA,0
Sambel Kecap,1
OREO MILK BLEND Cup,0
TEH BTL ES,0
COPIA 1 /GB,2
Large *Plastik Kcl,2
Large WARISAN 2 FREE DRINK,0
ICED CAPPUCINO JELLY,0
6001-Plastic Bag Small (Small),2
I SPECIAL SBL MATAH,1
GORENGAN,1
ORIGINAL Charge,2
Hot Teh Tawar Panas,0
BOLU HAWAI PTNG,1
Mushroom Soup,1
Udon,1
PREMIUM YANGNYEOM GALBISAL,1
LAPIS SINGAPUR,1
Tax BUDS PRECIOUS NEWBORN CREAM 75ML(TOILETRIES),2
Cold DarkBeer0.3L,0
Hot Chamomile,0
THAI ICED TEA,0
S-KOI Cafe Macchiat,0
DarkBeer0.5L Cup,0
SUSHI SALMON,1
Ayam Penyet Sambal Glede,1
JOIE KUBBIE(BABY BOX),2
Teh Tawar (M),0
NOUGAT ICE CREAM,1
Cold RTD Lemongrass Aloe,0
PEACH ICED TEA,0
MIE + AYAM KATSU TERI...,1
CHICKEN KATSU CURRY UDON,1
CRISPY APPLE RAISIN PASTR,1
Mocha,0
REGULAR FRIES,1
SUL LUNG TANG,1
Discount BCA 15% Service,2
ES TEH TAW GUILINGGAO Cup,0
Es Kopi Susu Pandan 330ml,0
Nasi Putih GG,1
Peach Iced Tea,0
Udang Telur Asin - Regular,1
BAKPIA KACANG H,1
Home Made Lemonade Cup,0
Butter Cheese Corn,1
3180-Soes Marmer,1
Kailan 2 Rasa,1
MIE CINCANG,1
Gojek Chicken Chilli Sauce H,1
Perkedel,1
AQUA BOTTLE Special,0
AVOCADO COFFEE Panas,0
SB SIZE 45.5 Charge,2
ORIGINAL NO SALT,1
AIR MINERAL,0
ICED MOCHA LATTE [R] Dingin,0
MASHED POTATO,1
PLASTIK TENTENG,2
Cold Cha Keaw L...,0
[MD] SOFT STEAMED CHOCOCAKE,1
Popcorn Salt (M),1
TEH MANIS PANAS Cup,0
ICED NUTELLA LATTE [R],0
PILLOW DURIA,1
Extra SENDOK BEBEK,2
1023-Chocochip & Walnut,1
CHEESE TEA HOKKAIDO MELON,0
Tahu Isi Ayam,1
Pangsit Delima,1
THAI TEA - ICE,0
SWEEAT ICE TEA 330ml,0
Large JAPANEESE GR TEA HOT,0
TRUFFLE CREAM,1
Steam Rice,1
R.PISANG COKLAT,1
Empal,1
Nasi Rawon,1
1245-Plastik Tentengan Kecil,2
Soup Baso Ikan,1
1x MINERAL WATER,0
PLASTIK BAG;: 000 PC Bag,2
REGULAR COKE Cup,0
JERUK NIPIS,0
Fresh Caramel Small,0
Ice Tea Special,0
HYDROCOCO 250ML 330ml,0
SAMBEL TOMAT SEG,1
TROPICAL PUNCH (M),0
MINERAL CUP,0
T. TARIK GREENTEA DINGIN,0
RB. RED BEAN,1
Ice YAKULT ISI 5 PCS,0
Sweet AQUA,0
Bogo (5) Boneless,1
Carsiupau Ayam,1
Populaire Chocolate,1
Bihun (MLY),1
GREEN TEA LYCHEE,0
Plastic COPIA 1 /GB,2
TUTUP SEAL,2
Jus FF SoftDrink (M),0
ABURA UDON (SPICY),1
BLUS WANITA,2
TIMUN JEPANG,1
CHOCO DONUT PRETZEL,1
caisim special,1
AMBUSH CHS BUR,1
MARMER CAKE PTG,1
FA-Cookies Mix 200 gr,1
Pocky Chocolate,1
YAMIN PANGSIT REBUS,1
THE ROSELLE,0
GRILLED SALMON TERIYAK,1
CHARGE TA,2
Roasted Chicken,1
CHO MOUSSE,1
Sabun Transparant Madu,2
Lychee Tea (L),0
TAHU GORENG CRISPY,1
KOPI HITAM,0
CHICKEN PICATTA,1
Large Thai Tea - ICE,0
CHICKEN KATSUDON,1
Ice Milo Dino,0
Hot MOCA FLT OVLTIN,0
SAMGYOPSAL,1
Nasi Tambah,1
TWIST STRAWBERRY DONUT,1
Fee M/POKO STD XXL5,2
TP KULIT,1
M/POKO STD XXL5 Bag,2
EL KEUN HWANGTAE SUNDUBU (TUKBEGI),1
FRE ICE GRENTEA,0
NU GREENTEA ORGE,0
Hot Cappuccino (L),0
French Fries + FF,1
RTD Lemongrass Aloe (M),0
Cappucino,0
PAKET WEEKEND 2,1
Strawberry Log Cake,1
VANDOOLEN,1
Combo 2,1
NASI UDUK SATE BUNTEL,1
Cheese Tea Hokkaido Melon Dingin,0
CALAMARI KATSU,1
1pc Kupon 7,2
NASI KUNING,1
AVOCADO COFFEE,0
Mie Jumbo Pst/bakso,1
Mantau - 3 pcs,1
RAMES AYAM,1
Kwt Polos Mdn,1
Avocado with Rock Salt and Cocoa Cream [R],0
SENDOK BEBEK,2
Fresh SUNKIST,0
sun kissed (P),0
BangBang Chick Wings,1
BULGOGI JEONGSIK,1
I ROA GORENG SPC,1
Tahu Isi,1
OYONG 3 TELOR =*MEDIUM*=,1
Es Jus Jeruk,0
BAJU ATASAN(PETITE MIMI ROMPER 3D FOREST / RM0003) (Small),2
SURIMI,1
CT12.BLK JELY KPI IC Panas,0
Mike & Ike Original,1
PILOW DUR PX,1
KRN FRIED CHICKN HNY,1
BEEF CURRY UDON,1
Jus THAI ICED TEA,0
Es Teh Tawar,0
Cha Keaw L... Cup,0
SOSIS SOLO,1
Jamur Goreng,1
GRILLED BABY POTATO (R,1
Add FIXALL HK 26521,2
FA-Polycello Bag 200 gr,2
Capcai Seafood,1
DORI KATSU,1
ES TEH MANIS (L),0
Fresh Mango Float,0
P. INTESTINE (R),1
HOT TEA,0
WARISAN 2 FREE DRINK,0
Small ICED TEA,0
SHOPPING BAG ROTI'O' 370/,2
Iced Coffee Latte,0
BENTO CHICKEN TERIYAKI,1
Lemon Tea,0
DODOT CUCU COKLAT,0
SWEEAT ICE TEA,0
ES BUAH (L),0
[MD] MINI CASTELLA ORIGIN,1
Small Sweet Tea,0
PAIN AU CAFE MOCHA,1
4003-Blueberry Fuji,1
ICED NUTELLA LATTE [R],0
Peach Iced Tea Bottle,0
GALBI TANG,1
Thai Tea - ICE,0
TAKE AWAY CHARGE Bag,2
RTD RELAXING DRINK,0
Maling,1
Tonic Water,0
RTD LEMONGRASS ALOE,0
Es MINUMAN KEMASAN/REFILL,0
Fish Glue,1
Charge SIKAT BOTOL/BSC,2
HAEMUL DENJANG JJIGAE,1
WDH SUN GEL 40ML,2
TERONG BELANDA,0
Fre ice grentea,0
OCHA Cup,0
BANANA SPLIT,1
Small ICED NUTELLA LATTE [R],0
GRAIN CROQUE MONSIEUR,1
BUBUR GO,1
Teh Poci Special,0
ES KOPI SOKLAT,0
Cold ES KOPI SUSU,0
Cuci Bag,2
Tahu Bacem,1
Add LS TOILETBRUSH102,2
1pc 6002-Plastic Bag Medium,2
ES KOPI SUSU 330ml,0
S/QUEEN MONTES 50,1
XLB Org Pork 6x,1
Ice ES ILAT BOYO,0
CT12.BLK JELY KPI IC,0
JERUK PANAS,0
GURAME FILLET M ASAM MANIS,1
PUCUK/H TEH L/SGR350,0
1pc SENDOK DAN GARPU PLASTIK,2
ABURA SOBA CHK,1
DAUN SEREH,1
[MD] SOFT MORNING ROLL,1
Earl Gray Tea,0
EARL GREY MILK TEA (L),0
TERONG BEJEUG,1
FANTA STWBRY (L),0
Es Fanta Strwbry (L),0
Mike & Berry Special,0
NUMER CANDLE NO.1 Bag,2
GOCHUJANG,1
fettucine Hubert chicken capers,1
Iced Sugar Cane,0
KING DEAL CHEESE BURGER R,1
House Blend,0
Mineral Cup,0
ES JERUK,0
Ades,0
Jus Mineral Water (S).,0
Strawberry jc Dingin,0
BROWN SAUCE,1
MILK SHAKE COKLAT,0
Sweet KOREAN COLD TEA,0
HOT TEA,0
CIPAIN PATCH 4S,2
Fish n Chips,1
BUDS CALMING TUMMY RUB CREAM 30ML(TOILETRIES),2
Sweet Iced Sleepy Coffee,0
POCAI 3 TELUR,1
ROTI,1
PKT AYAM,1
TakeQuay Charge,2
TakeAway Charge,2
hot lemon tea (M),0
Kupon 1 Only,2
GRILLED CALAMARI,1
Es Teh,0
AMBUSH DBL CHS,1
1032-Double Cheddar,1
Thai Coffee ICE Dingin,0
SANGU TUTUG ONCOM,1
Chocochip & Walnut,1
CARAMEL PASTRY,1
SIOMAY,1
RISOL ROGUT,1
Box Yi Fu Mie (L),1
Es HOT TEA,0
CAPPUCCINO Dingin,0
VIET MILK COFFEE,0
MINERAL WATER - DINE IN,0
S-BUBBLE MILK TEA,0
500 days of summer (P) Special,0
Large Tonic Water,0
Jus Avocado with Rock Salt and Cocoa Cream [R],0
AQUA BOTOL (M),0
Mango Lemon Tea Dingin,0
ICE BLACK COFFE (M),0
Tahu Bakso,1
CHICKEN KATSU CURRY RICE,1
SKEWERED TOFU ROLL,1
OREO MILK BLEND,0
"Tax 1216 GGM 12"" TTN HERO YONDU",2
SUNDUBU(TUKBEGI) CHAM KKOT SAL,1
Plastic 1244-PLASTIK TENTENGAN SEDANG,2
L C MESES,1
Hot Chocolate Marshmallo,0
CHEESE GAMJAJEON,1
MilkShake Starwb,0
Tax SHOPPING BAG ROTI'O' 370/,2
Pandan Cream brulee,1
Fresh Tanqueray NO 10 gls,0
SAUSAGE PASTRY ROLL,1
SAM DA S00 MINERAL WATER Cup,0
Lasagna Di Carne,1
REAL CHEESE INSIDE BREAD,1
#PKTPOLSBTSPON2S,2
Chokocha Flt,0
MULNAENGMYO N,1
PLASTIC BAG RED CENTRAL SI Fee,2
CAPPUCCINO,0
Sweet HZ CHOCO MT (L) TOPPING,0
Fee MIKA BESAR,2
F Squeeze Orange Bottle,0
"Bakery Aneka Sisir Banana,Pizza,yoko,Mar mer,Daging,abon,keju,cokelat,dll",1
1001-Choco Bun,1
BEEF CURRYRICE,1
PLASTIK BAG;: 000 PC,2
Ayam goreng+Sayur asem,1
KRPU MCN TIM 700,1
MANGO MINT ICED TEA,0
Sweet Pink Panther (P),0
garlic pepper beef,1
SB 1 HC Service,2
Large Weiss 0.3 L,0
Tempe Goreng,1
Iced Cappuccino,0
Plastic BOX T. O,2
Serbu 1 Fee,2
Extra NUMER CANDLE NO.1,2
Large Mineral Water,0
GANACHE MOUSSE PIECE,1
SOTO MEDAN+NASI,1
MIKA KECIL,2
Ori Bento,1
Jus Lemon iced tea,0
ICE GREENTEA (M),0
HOT TEA Dingin,0
ROTI KEJU COKLAT,1
NEW ORIENTAL CHK RICE,1
CHARGE TA Charge,2
MIX 4FUN CHOCOLATE,1
Avocado with Rock Salt and Cocoa Cream [R] Panas,0
Hot ES TEH TAW GUILINGGAO,0
NB AYAM,1
XLB Org Pork 10x,1
1001-ROTI COKLAT,1
BASO KWETIAU,1
CHIKATSU BEN,1
JPR SUS U,1
H N Cheesy Chic,1
Y.BASO PROM,1
1066-Choconut Bun,1
Cheong Fen Udg,1
Jus Lurisia Bolle 330ml,0
S-Fresh Lemon Lime (L),0
Caesar Salad,1
XXI Java Tea Spc (L),0
Mineral Cup Bottle,0
TakeAway Charge Only,2
Es Kopi Susu Pandan,0
Jus ICED CAPPUCINO JELLY,0
Bebek Street,1
TERONG BELANDA,0
TEH TELUR (M),0
PAHA BAWAH,1
Teh Poci,0
BEEF CURRY RICE,1
Viet Milk Coffee,0
TAHU GORENG,1
Popcorn Salt (S).,1
SUNKIST Bottle,0
FF SoftDrink (M) Cup,0
MANGO GT (L),0
CAPPUCINO BLEND,0
MOCA FLT OVLTIN Bottle,0
1pc GARPU,2
MILK CREAM BREAD,1
DE13.PSANG IJO MDM,1
French Fries,1
RTD Madu Aloevera,0
TEH HANGAT,0
BOKKEPOOTJES,1
Fresh A.MINERAL BOTOL,0
PEACH PASTRY,1
ORANGE JUICE,0
BOX T. O,2
ZAI.Milk Choco Egg Avenger60gr,1
DARKBEER0.5L,0
Fresh Teh Tawar,0
=*MEDIUM*= Charge,2
Teh S-Hazelnut Milk Tea,0
GULAI HATI,1
BLACK PEPPER MEATBALL,1
1pc WH3 M LW,2
RICE,1
Hot 500 days of summer (P),0
Reflection Sparkling (M),0
Teh Pucuk 350 ml,0
ICE BLACKCOFFE,0
Nasi CampurBali,1
JAPANEESE GR TEA HOT Special,0
TEH PUCUK,0
Plastic Bag Small Fee,2
Large MANGO GT (L),0
MOZZARELA STICK,1
MED ICED LEMON TEA Panas,0
TEH TARIK P,0
French Fries - DINE IN,1
LEMPER,1
SENDOK MAKAN,2
TEH SEREH,0
Tuna N Chicken Floos Bread,1
ICED GT,0
1x BLACKPINK,0
Charge BLUS WANITA,2
A.MINERAL BOTOL,0
1x GREEN ITSODA PITCHER,0
CUSTARD BRIC CHE,1
BO SSAM,1
OCHA COLD,0
Teh ICED HIBISCUS LYCHEE TEA,0
Nasi,1
Strawberry jc,0
MANGO GT (L),0
NUMER CANDLE NO.2 Fee,2
Fanta Stwbry (L),0
Sundae,1
KOREAN COLD TEA (L),0
POCAI BWG PUTIH,1
NUTTELA BROWNIES,1
Kupon 4 Only,2
PLASTIK SDG Service,2
SBL GR TERI,1
GARPU MAKAN,2
Large TERONG BELANDA,0
BOX T. O Bag,2
F.Wngr GES-HC,1
FUSION TEA LYCHE,0
DECOLGEN TABLET 4S,2
PAKET BER2,1
JEK SEOK TEOK POKI (S),1
CHINESE TEA KWAN'IM Panas,0
Ice Orange Cup,0
1pc Large *Plastik Kcl,2
CAKWE,1
Es Teh (M),0
1x Ice Lemon Tea,0
GREEN MONSIEUR,1
COCA COLA,0
RTD Lemongrass Aloe,0
KOROKE ORI,1
Es LIPTON PITCHER,0
I TRIPL CHZ,1
BAKSO BNGKS,1
Large NU GREENTEA ORGE,0
Choco Peanut Bread,1
CUMI GR TEPUNG,1
Es Cafe Latte,0
CHEESE KC BOKUMBAP,1
Kepiting 7-8.4ons - Chilly 0.7 1,1
Es Teh Tawar Dingin,0
OCHA DINGIN,0
CHUM CHURUM PEACH,0
Jus JASMINE,0
1x Teh Manis,0
Cai Mieo,1
Premier Mineral Water (L t1),0
GYOZA AYAM GORENG,1
MEDIUM FRIES,1
TERONG BELANDA Cup,0
SHOPPING BAG Fee,2
Jus OCHA DINGIN,0
NASI(GONGGI BAB),1
P. RIBS SP (R),1
Jus Jeruk,0
SOGOGI JAPCHAE,1
NICE TRAVEL PACK,2
VALINO DONNA Charge,2
Fresh Rock salt and Cheese [R] Coffee,0
TEA TAWAR,0
Sweet Sparkling Mango Mojito,0
EGG TART,1
KING DEAL FISH,1
FL Cake-French,1
chic ques,1
Es HYDROCOCO 250ML,0
"0217 GGM 12"" TITAN HERO GAMORA Bag",2
CHOCO ALMOND,1
MilkShake Starwb (M),0
HAKAU UDANG,1
F SQUEEZE ORANGE,0
SHOPPING BAG,2
+PALM SHW GEL 450,2
1x OREO MILK BLEND,0
TakeQuay Charge Charge,2
S-Ovaltine Macchiat,0
DUA BELIBIS SBL135,1
GREEN TEA WITH CRUMBLE Dingin,0
PISANG KEJU,1
Ice PEARL CHOCO TEA,0
Large 1 Only,2
Fresh RTD Relaxing Drink,0
Fre ice grentea (M),0
TOBIKO TOFU,1
Lychee Float,0
6001-Plastic Bag Small,2
Kerupuk Kuah,1
SAYUR,1
DODOT CUCU COKLAT,0
APPLE CREAMCHEESE PASTRY,1
The Roselle Panas,0
Mineral Water 600 ml Dingin,0
Fresh Lychee Float,0
BOTOL(MOMOGI BOTOL KACA ASI),2
Mineral Water (S).,0
LEMONADE,0
FUSION TEA LYCHE,0
2001-Hokkaido Milk Toast,1
CHOCOLATE MILK SHAKE,0
Coke (L),0
FRENCH FRIES,1
CREAMCHEESE BREAD,1
Grill Sea Bass,1
Jasmine Tea Dingin,0
Spaghetti Deluxe,1
1019-Choco Banana,1
Silky Hazelnut,0
Tahu Jepang,1
escargot florentine,1
BIHUN GORENG SPECIAL,1
SATE ATI GO,1
KLEPON,1
1pc KERTAS KADO 1500,2
GREEN TEA ICE,0
AGSIO TH PC JMR,1
CREAMY CHK CLS FTC,1
DENDENG,1
Teh Cheese Tea Hokkaido Melon,0
SHISAMO MENTAIKO,1
KERUPUK KULIT,1
TERONG,1
Small T. TARIK GREENTEA DINGIN,0
C.KATSU NOODLE HP,1
1245-PLASTIK TENTENGAN KECIL Service,2
CHOCOLATE MILK SHAKE Dingin,0
CREAMCHEESE WALNUT BREAD,1
Chicken Vege Rice Bowl,1
BANANA RHUM RAISIN,1
Mineral Water - DINE IN,0
Cold ES TEH MANIS,0
F.FRIES MEDIUM,1
LEMON TEA,0
Small Mocha,0
CHOCOLATE SOBORO,1
COKLAT KEJU,1
Ocha Hot,0
PEARL CHOCO TEA (L),0
Enting2 Dua Bandeng Ori,1
KWT GR MGMSP,1
Hot Green Tea cold,0
3190-Disney Taartjes Siram Coklat,1
PLAIN CONGEE,1
1x ES BUAH,0
FORMULA S/P P,2
PIS COK KEJU,1
The Roselle,0
MINERAL WATER,0
WHITE RICE,1
THAI ICED COFFEE,0
OREO GREEN TEA SPREAD,1
BUBUR UNGU,1
Cheese Tea Hokkaido Melon,0
Paddle Pop Choco Magma,1
Tahu Sandwidh,1
TWIST DONUT,1
Extra NICE TRAVEL PACK,2
Chicken Steak,1
LARGE ICED LEMON TEA (L),0
TWIST ORANGE CHOCO DONUT,1
Lemon Jc,0
TLJ HOTDOG,1
PAKET DOSIRAK 3,1
Kwan Yin Cup 330ml,0
Almond Croissant,1
Lurisia Bolle 330ml,0
Soup Patin,1
TEH SEREH (L),0
MAGNUM WHT ALMND 80,1
BROWNIE,1
SENDOK DAN GARPU PLASTIK Bag,2
WALL'S BABY SHARK 60,1
5003-Chokoreto Cookies,1
ROTI MAHKOTA/RING,1
#F11 CREAM HAMBURG 0,1
Extra SHOPPING BAG,2
HZ CHOCO MT (L) TOPPING,0
CARBONARA UDON,1
OOLONG JASMINE CUP,0
Rice,1
JASMINE TEA,0
RB. SISIR PANDAN,1
YANG NYEOM SAM GYEOP SAL,1
Jus Ice Tea Tawar,0
Small Lychee/Peach/Lemon/Mango,0
MIKA KECIL Service,2
ELEPHANT READ BEAN,1
CREAM TEOK PO KI,1
ES BUAH,0
CRANBERRY WALNUT (S),1
GARPU,2
TLJ SPANISH COFFEE,0
BIR BINTANG BOTOL ( ) Bottle,0
LIPTON ICE TEA REGULA,0
Nutella Cheese,1
RAMEN AYAM SPECIAL,1
7 UP CAN 330 ML,0
RE5 M LW,2
Large ICE COFFE MIX,0
Jus Hot Tea,0
PLASTIK TENTENG KECIL Service,2
COPIA 1 /GB Charge,2
Ice Tea Rasp,0
BCA PROMO Bag,2
Soto Betawi,1
Cuci,2
Teh Tawar Hangat,0
AVOCADO COFFEE,0
Chinese Tea,0
Lemon iced tea,0
TAKE AWAY Service,2
Reflection Sparkling,0
BL1 M LW Fee,2
A.MINERAL GELAS,0
Plastic Kupon 9,2
AREM - AREM,1
TEH TELOR,0
Beef Set A,1
Fresh TEH TARIK P,0
THAI ICETEA Dingin,0
Caramel Small,0
NU GREENTEA ORGE,0
Chicken Herb Crust,1
Extra Common Law,2
Teh Tawar,0
Extra TakeAway Charge,2
BASO TAHU BIHUN,1
REDBEAN BREAD,1
KWAN YIN CUP,0
(TA) NASI GORENG,1
HOT TEA,0
Cold Silky Hazelnut,0
Hot Cappuccino,0
Nasi Uduk Ayam,1
NS+AYAM GR RICA,1
PAKET BER4,1
GoFood Beragam - ICE LAT TE Cup,0
Chicken Cesar Salad,1
Large AQUA BOTOL,0
Plastic MIKA KECIL,2
Kwetiaw Ayam Jamur,1
Extra LUNCH BOX 3P SET W/BLACK BAG & SP OON,2
Cheese Tart Original,1
Es KOPI HITAM,0
Lemon iced tea Special,0
CAKWE (L),1
Teh TEH SEREH,0
Hot Equil Natural,0
Jus LIPTON ICE TEA REGULA,0
HOT CHOCOLATE MARSHMALLO,0
Cold ICED LEMON TEA,0
Nasi Goreng Samb,1
Extra Plastik Amook,2
CHOCO CHIP,1
K11 CHOCO 1217,1
ANGSIO TH PC JMR,1
TEH TAWAR,0
ICED GT,0
Caisim Kecil,1
6002-Plastic Bag Medium,2
EL KEUN HWANGTAE,1
Jus Iced Coffee Latte,0
ES JERUK (L),0
1517-ROTI KENTANG KEJU MANIS,1
Chicken Baked Rice,1
Hot LgrBeer0.3L,0
Plastic Plastic Bag Small,2
Nasi Liwet,1
Teh Es Cup,0
KP BRANDING S (Small),2
COCA COLA,0
Common Law,2
Teh Chokocha Flt,0
Milo (L),0
Soup Of The Day,1
ROTI KACANG MERAH,1
FIXALL HK 26521,2
THAI ICETEA,0
Extra TAKE AWAY CHARGE,2
Cafe Latte,0
MATCHABERRY (L),0
RTD KUNYIT,0
RICHEESE WFR KJ P,1
TEH PANAS,0
Pink Panther (P),0
Seafood Tempura BBQ,1
Jus LARGE ICED LEMON TEA,0
BEEF CHEDDAR PO,1
Chicken Kazan Curry,1
SWEET TEA,0
ICE GREENTEA,0
PEDULI DISABILITAS Charge,2
CHEESE B,1
Hot DarkBeer0.5L,0
FRANKFRUT S/USAGE ROLL,1
SAKATONIK LVR 10S Charge,2
+PALM SHW GEL 450 Bag,2
WELL CHICKEN KATSU C,1
FlyDark 0.3,0
S-OVALTINE MACCHIAT,0
1004-Smoked Cheese & Mushroom,1
Plastic 1245-PLASTIK TENTENGAN KECIL,2
Cold Milk Shake Coklat,0
Kupon 7 Fee,2
SALMON PESTO,1
Udang Gandum L,1
CHOC BANANA,1
Udang Mentega Sdg (M,1
Sweet Coke (L),0
Plastik Amook,2
NICE TRAVEL PACK Charge,2
Bakso Campur,1
YAKI ADULT,1
1pc BUDS CALMING TUMMY RUB CREAM 30ML(TOILETRIES),2
KOREAN LEMONADE Dingin,0
BIR BINTANG BOTOL ( ),0
Dumpling,1
Mineral Water (S). 330ml,0
TEH BTL ES 330ml,0
KWE BUN SAPI,1
WAGYU RIBEYE,1
Large Reflection Sparkling,0
AYAM PENYET,1
Free Ice Tea Special,0
Nasi Goreng,1
Cafe Latte 330ml,0
Lemon,1
SAYAP,1
Small GREEN TEA LYCHEE,0
Ayam Grg Kalasan,1
Lurisia stille 330ml,0
Cheese Burger,1
Tax TAKE AWAY,2
FF SoftDrink (M),0
ICED MOCHA LATTE [R],0
Common Law Bag,2
Pangsit Special,1
BCA PROMO,2
AQUA,0
ICED LEMON TEA (M),0
Nasi Ayam Dewata,1
Extra Ice Cream,1
Fee PAPER BAG BESAR,2
Siomay Kmbinasi,1
FlyDark 0.3 330ml,0
RB. COKLAT BUN,1
TEH MANIS,0
Jus CHINESE TEA KWAN'IM,0
TEH TARIK P Bottle,0
S-MATCHA MACCHIATO,0
green tea Panas,0
Plastic SB SIZE 45.5,2
NU GREENTEA ORGE Special,0
Mango Mint Iced Tea,0
ICED White (M),0
IVINERAL WATER (BUNDLING) 5K,0
JABCHAE BEEF,1
Sweet CAPPUCINO BLEND,0
ORIGINAL BREWED TEA,0
Brokoli Bwg Putih,1
TUTUP SEAL Only,2
CEKER AYAM,1
JapaneseBeef Hamburg,1
JASMINE,0
Polo 1,2
Mie Sup WT (U & A),1
1244-Plastik Tentengan Sedang Service,2
3025-BOLU GULUNG MOCCA PTG,1
Fresh Silky Green Tea,0
1x MED ICED LEMON TEA,0
Large TEH PANAS,0
Es CT06.TEA 0 ICE R.,0
Iced Tea Dingin,0
Teh Manis Panas,0
Kopi Susu Sudirman (M),0
MATCHABERRY,0
Equil Natural,0
Cold HOT OCHA,0
BAKPAO BKR C CRISPY,1
ACCESORIES(SUN BABES PENUTUP MATA) Bag,2
BERRY MANY-LOW (P),0
Jus BENECOL LYCHEE 2S,0
FROZEN CAPUCINO 330ml,0
Es Milo,0
Hot GoFood Beragam - ICE LAT TE,0
AGSIO TH PC JMR =*MEDIUM*=,1
FF SOFTDRINK (M),0
Fee Hero,2
Sweet SAM DA S00 MINERAL WATER,0
Small Iced Sugar Cane,0
KP BRANDING S,2
LAY'S NORI SEAWD 55G,1
HOME MADE LEMONADE,0
Fresh AIR MINERAL,0
Leng Hong Kien,1
Fee MIKA KCL,2
Polo 1 Service,2
ICE COFFE MIX (L),0
cashew nuts chkn,1
FOOT 6,2
Rock salt and Cheese [R] Coffee,0
LURISIA STILLE 330ML,0
GREEN ITSODA PITCHER 330ml,0
1x Iced Tea,0
Iced Coffee (M),0
Charge 1245-Plastik Tentengan Kecil,2
Large Berry Many-Low (P),0
FUSION TEA LYCHE (M),0
1x Free Ice Tea,0
EQUIL NATURAL,0
Rock salt and Cheese [R] Coffee Special,0
MINERALWATER,0
ES TEH TAWAR,0
1pc 6001-Plastic Bag Small,2
Fresh green tea,0
LIPTON PITCHER,0
TEA TAWAR,0
Mango Lemon Tea,0
EBI KTSU 1 PCS,1
Se'i Sapi Sambal Lu'at (R),1
TLJ SPANISH COFFEE Cup,0
MANDARIN CAKE PTG,1
ES THE TAWAR,0
Tempe,1
Fresh Es Teh Tawar,0
BULGOGI BIBIMBAB,1
Jus Cappucino,0
Air Mineral (M),0
CT06.TEA 0 HOT R.,0
Set Menu Family,1
Mgc Chees Wd,1
CRUNCHY CHOC,1
KAKIAGE TEMPURA,1
GYERAN MARI,1
Ice TEH PUCUK,0
(TW)NASI GORENG,1
Charge #PKTPOLSBTSPON2S,2
Fresh Ice Tea,0
Sprite (L).,0
Jus ORIGINAL BREWED TEA,0
Lumpia Udg K Th,1
TAHU SATUAN,1
(TA) KWETIAW SEAFOOD SIRAM,1
Plastic ORIGINAL,2
WHITE CHOCO BANANA SPREAD,1
Chocolate Log Cake,1
AQUA 600ML,0
Plastic ACCESORIES(SUN BABES PENUTUP MATA),2
Small LIMAU KASTURI,0
Pdg Madness,1
Es Ice Tea Rasp,0
JERUK NIPIS Cup,0
BOTTLED WATER,0
Chicken Popcorn,1
CRYSANTNUM,0
[RICHE] BLACK SAKURA,1
PAKET BER2 UP1,1
Sapo Tohu Sea M,1
Kue Macok,1
Sweet OCHA HANGAT,0
Jus AVOCADO COFFEE,0
1/2 OTAK-OTAK,1
OREO MILK BLEND,0
Mexican Baked Rice,1
Tax PLASTIC BAG RED CENTRAL SI,2
Bakso Ikan,1
Plastic MDSE ST,2
IKAN GABUS FRESH,1
Hot DODOT CUCU COKLAT,0
Air Mineral,0
Fee Kupon 4,2
ICED TEA,0
YAKULT ISI 5 PCS,0
Mie Gr Udg Gala,1
ICED GT (M),0
AQUA 600ML Special,0
WAKI PLATTER FOR 4-5,1
DYNAMITE SCALLOP,1
EGG TEMPURA [P],1
YANG YUM GUI,1
Teppan Seafood Fr Rc,1
ICE COFFE MIX,0
Ades Dingin,0
U SEOL,1
CKM 1 OR,1
SHABU ADULT,1
Tigger Roll,1
DL+GA+FF+R+2RB,1
ES ILAT BOYO,0
=*LARGE*== Only,2
OCHA COLD Panas,0
MIE KOCOK,1
S-Bubble Milk Tea,0
Nasi Campur Bali,1
Teh S-Fresh Lemon Lime,0
LM Pork Belly,1
Ptgs Eggtart,1
Large JUICE ALPUKAT,0
Crispy Mushroom,1
Tepanyaki Cawanmushi,1
Hot FUSION TEA LYCHE,0
Astor Stick Cokelat 40gr,1
Choco Bite,1
Mango Float Bottle,0
MINUMAN KEMASAN/REFILL,0
Ice Ades,0
Small JERUK NIPIS,0
Iced Coffee,0
Es UP Drink 16,0
PEARL CHOCO TEA,0
Mineral Water,0
KEJU SUSU,1
ICED HIBISCUS LYCHEE TEA,0
AMBUSH CHS BURGER,1
MAKOLI,0
ORIGINAL BREWED TEA,0
ALMOND CREAM CHEESE,1
BENECOL LYCHEE 2S Dingin,0
Green Tea ICE,0
DARK CHOCOLATE MUFFIN,1
P/P AMERICAN FAV,1
Sorbet,1
Hot S-Ovaltine Macchiat,0
ateh Tawar ateh Tawar,0
Teh CHINESE TE,0
MIKA SEDANG,2
LIPTON ICE TEA REGULA (L),0
CABE KERITING CURA,1
FA-Polycello Bag 200 gr Only,2
Fresh ICED GT,0
LIMAU KASTURI Dingin,0
Kupon 9,2
Charge TakeQuay Charge,2
AOP Seafood,1
BLACKPINK Dingin,0
FL Mille Crepes -,1
5001-Corn Flakes Cookies,1
SOUR CREAM N ONION,1
SPOOKY SOBORO,1
ICE TEA RASP,0
KUE CUBIT OVO/ SKIPPY,1
LYCHEE ICE TEA,0
1006-Roti Molen,1
THAI ICED COFFEE,0
CHOKOCHA FLT,0
1x OCHA COLD,0
Sambal Gabus Asin Cb,1
Green Tea cold,0
AQUA Cup,0
DN. LONG JOHN,1
TIRAMISU CIN,1
CT06.TEA 0 ICE R. 330ml,0
CIPAIN PATCH 4S (Small),2
Jus Premier Mineral Water (L t1),0
IPED MANDARIN 330ml,0
ChicTeriyakiTeishoku,1
Ice Tea Tawar,0
A13.MIE ACP,1
Coke (L) Special,0
SCREAMING RED BEAN,1
CENTIKPLANCI,1
Large *Plastik Kcl Fee,2
TEH KOTAK,0
Tax BL1 M LW,2
Hot ICE BLACKCOFFE,0
ORIGINAL,2
Fresh Lemon Tea,0
APPLE PIE,1
Nats Bitter Choco cake,1
Teh COLD OCHA,0
SEAFOOD MARINARA,1
Se'I Sapi Lada Hitam (J),1
TORI BAITAN UDON,1
Kupon 7,2
AYAM,1
SOTO KUDUS,1
WH3 M LW Fee,2
NASI PUTIH,1
NASI GORENG SPECIAL,1
BIHUN GORENG AYAM,1
POCAI 3,1
PLASTIC BAG Only,2
MANGO GT (L) Cup,0
BOGO CHEESY RASHER,1
Equil Natural Special,0
NASI LIWET (SATE BUNTEL AYAM),1
Cappucino Cup,0
Teh Thai Coffee ICE,0
Extra Full Box,2
P J Cotes du,0
SPARKLING MANGO MOJITO,0
SUSHI SALMON FRESH PAKET,1
CAPTAIN HOOK,1
Chili Pepper Croquette,1
SB 1 OR Service,2
CHOCOLATE MILK SHAKE,0
TAHU JPG S TRM,1
THAI ICED COFFEE (L),0
Add LOYALTY PROGRAM,2
JYO HARAMI 30%,1
GOCHUJANG SAMGYEOPSAL,1
Robert Olio Mushroom Spaghetti,1
MINUMAN KEMASAN/REFILL Bottle,0
SENDOK DAN GARPU PLASTIK,2
TAIL STOMACH (S),1
Discount BCA 15%,2
DELFI C/CHA MINIS,1
2011-Whole wheat Katamari,1
BIHUN GORENG JJ =*MEDIUM*=,1
Tanqueray NO 10 gls (L),0
ICED NUTELLA LATTE [R] Bottle,0
CHULPAN CHEESE DAK GALBI,1
Sweet ES THE TAWAR,0
GONG GIBAB,1
Sweet EARL GREY MILK TEA,0
hot lemon tea,0
Small Jeruk Panas,0
KWETIAW GORENG SAPI,1
MED ICED LEMON TEA,0
PM CABE HIJAU CURA,1
Kupon 4,2
Plastic Large 1,2
TEH PANAS,0
